time,pos_x,pos_y,pos_z,dist_to_source,odor_concentration,brain_forward,brain_turn,velocity
0.0,10.0,10.0,2.0,56.64803615307419,1.339615461612252e-28,1.339615461612252e-28,0.5,6.698077308061261e-28
0.01,10.0,10.0,2.0,56.64803615307419,1.339615461612252e-28,1.339615461612252e-28,0.5,6.698077308061261e-28
0.02,10.0,10.0,2.0,56.64803615307419,1.339615461612252e-28,1.339615461612252e-28,0.5,6.698077308061261e-28
0.03,10.0,10.0,2.0,56.64803615307419,1.339615461612252e-28,1.339615461612252e-28,0.5,6.698077308061261e-28
0.04,10.0,10.0,2.0,56.64803615307419,1.339615461612252e-28,1.339615461612252e-28,0.5,6.698077308061261e-28
0.05,10.0,10.0,2.0,56.64803615307419,1.339615461612252e-28,1.339615461612252e-28,0.5,6.698077308061261e-28
0.06,10.0,10.0,2.0,56.64803615307419,1.339615461612252e-28,1.339615461612252e-28,0.5,6.698077308061261e-28
0.07,10.0,10.0,2.0,56.64803615307419,1.339615461612252e-28,1.339615461612252e-28,0.5,6.698077308061261e-28
0.08,10.0,10.0,2.0,56.64803615307419,1.339615461612252e-28,1.339615461612252e-28,0.5,6.698077308061261e-28
0.09,10.0,10.0,2.0,56.64803615307419,1.339615461612252e-28,1.339615461612252e-28,0.5,6.698077308061261e-28
0.1,10.0,10.0,2.0,56.64803615307419,1.339615461612252e-28,1.339615461612252e-28,0.5,6.698077308061261e-28
0.11,10.0,10.0,2.0,56.64803615307419,1.339615461612252e-28,1.339615461612252e-28,0.5,6.698077308061261e-28
0.12,10.0,10.0,2.0,56.64803615307419,1.339615461612252e-28,1.339615461612252e-28,0.5,6.698077308061261e-28
0.13,10.0,10.0,2.0,56.64803615307419,1.339615461612252e-28,1.339615461612252e-28,0.5,6.698077308061261e-28
0.14,10.0,10.0,2.0,56.64803615307419,1.339615461612252e-28,1.339615461612252e-28,0.5,6.698077308061261e-28
0.15,10.0,10.0,2.0,56.64803615307419,1.339615461612252e-28,1.339615461612252e-28,0.5,6.698077308061261e-28
0.16,10.0,10.0,2.0,56.64803615307419,1.339615461612252e-28,1.339615461612252e-28,0.5,6.698077308061261e-28
0.17,10.0,10.0,2.0,56.64803615307419,1.339615461612252e-28,1.339615461612252e-28,0.5,6.698077308061261e-28
0.18,10.0,10.0,2.0,56.64803615307419,1.339615461612252e-28,1.339615461612252e-28,0.5,6.698077308061261e-28
0.19,10.0,10.0,2.0,56.64803615307419,1.339615461612252e-28,1.339615461612252e-28,0.5,6.698077308061261e-28
0.2,10.0,10.0,2.0,56.64803615307419,1.339615461612252e-28,1.339615461612252e-28,0.5,6.698077308061261e-28
0.21,10.0,10.0,2.0,56.64803615307419,1.339615461612252e-28,1.339615461612252e-28,0.5,6.698077308061261e-28
0.22,10.0,10.0,2.0,56.64803615307419,1.339615461612252e-28,1.339615461612252e-28,0.5,6.698077308061261e-28
0.23,10.0,10.0,2.0,56.64803615307419,1.339615461612252e-28,1.339615461612252e-28,0.5,6.698077308061261e-28
0.24,10.0,10.0,2.0,56.64803615307419,1.339615461612252e-28,1.339615461612252e-28,0.5,6.698077308061261e-28
0.25,10.0,10.0,2.0,56.64803615307419,1.339615461612252e-28,1.339615461612252e-28,0.5,6.698077308061261e-28
0.26,10.0,10.0,2.0,56.64803615307419,1.339615461612252e-28,1.339615461612252e-28,0.5,6.698077308061261e-28
0.27,10.0,10.0,2.0,56.64803615307419,1.339615461612252e-28,1.339615461612252e-28,0.5,6.698077308061261e-28
0.28,10.0,10.0,2.0,56.64803615307419,1.339615461612252e-28,1.339615461612252e-28,0.5,6.698077308061261e-28
0.29,10.0,10.0,2.0,56.64803615307419,1.339615461612252e-28,1.339615461612252e-28,0.5,6.698077308061261e-28
0.3,10.0,10.0,2.0,56.64803615307419,1.339615461612252e-28,1.339615461612252e-28,0.5,6.698077308061261e-28
0.31,10.0,10.0,2.0,56.64803615307419,1.339615461612252e-28,1.339615461612252e-28,0.5,6.698077308061261e-28
0.32,10.0,10.0,2.0,56.64803615307419,1.339615461612252e-28,1.339615461612252e-28,0.5,6.698077308061261e-28
0.33,10.0,10.0,2.0,56.64803615307419,1.339615461612252e-28,1.339615461612252e-28,0.5,6.698077308061261e-28
0.34,10.0,10.0,2.0,56.64803615307419,1.339615461612252e-28,1.339615461612252e-28,0.5,6.698077308061261e-28
0.35000000000000003,10.0,10.0,2.0,56.64803615307419,1.339615461612252e-28,1.339615461612252e-28,0.5,6.698077308061261e-28
0.36,10.0,10.0,2.0,56.64803615307419,1.339615461612252e-28,1.339615461612252e-28,0.5,6.698077308061261e-28
0.37,10.0,10.0,2.0,56.64803615307419,1.339615461612252e-28,1.339615461612252e-28,0.5,6.698077308061261e-28
0.38,10.0,10.0,2.0,56.64803615307419,1.339615461612252e-28,1.339615461612252e-28,0.5,6.698077308061261e-28
0.39,10.0,10.0,2.0,56.64803615307419,1.339615461612252e-28,1.339615461612252e-28,0.5,6.698077308061261e-28
0.4,10.0,10.0,2.0,56.64803615307419,1.339615461612252e-28,1.339615461612252e-28,0.5,6.698077308061261e-28
0.41000000000000003,10.0,10.0,2.0,56.64803615307419,1.339615461612252e-28,1.339615461612252e-28,0.5,6.698077308061261e-28
0.42,10.0,10.0,2.0,56.64803615307419,1.339615461612252e-28,1.339615461612252e-28,0.5,6.698077308061261e-28
0.43,10.0,10.0,2.0,56.64803615307419,1.339615461612252e-28,1.339615461612252e-28,0.5,6.698077308061261e-28
0.44,10.0,10.0,2.0,56.64803615307419,1.339615461612252e-28,1.339615461612252e-28,0.5,6.698077308061261e-28
0.45,10.0,10.0,2.0,56.64803615307419,1.339615461612252e-28,1.339615461612252e-28,0.5,6.698077308061261e-28
0.46,10.0,10.0,2.0,56.64803615307419,1.339615461612252e-28,1.339615461612252e-28,0.5,6.698077308061261e-28
0.47000000000000003,10.0,10.0,2.0,56.64803615307419,1.339615461612252e-28,1.339615461612252e-28,0.5,6.698077308061261e-28
0.48,10.0,10.0,2.0,56.64803615307419,1.339615461612252e-28,1.339615461612252e-28,0.5,6.698077308061261e-28
0.49,10.0,10.0,2.0,56.64803615307419,1.339615461612252e-28,1.339615461612252e-28,0.5,6.698077308061261e-28
0.5,10.0,10.0,2.0,56.64803615307419,1.339615461612252e-28,1.339615461612252e-28,0.5,6.698077308061261e-28
0.51,10.0,10.0,2.0,56.64803615307419,1.339615461612252e-28,1.339615461612252e-28,0.5,6.698077308061261e-28
0.52,10.0,10.0,2.0,56.64803615307419,1.339615461612252e-28,1.339615461612252e-28,0.5,6.698077308061261e-28
0.53,10.0,10.0,2.0,56.64803615307419,1.339615461612252e-28,1.339615461612252e-28,0.5,6.698077308061261e-28
0.54,10.0,10.0,2.0,56.64803615307419,1.339615461612252e-28,1.339615461612252e-28,0.5,6.698077308061261e-28
0.55,10.0,10.0,2.0,56.64803615307419,1.339615461612252e-28,1.339615461612252e-28,0.5,6.698077308061261e-28
0.56,10.0,10.0,2.0,56.64803615307419,1.339615461612252e-28,1.339615461612252e-28,0.5,6.698077308061261e-28
0.5700000000000001,10.0,10.0,2.0,56.64803615307419,1.339615461612252e-28,1.339615461612252e-28,0.5,6.698077308061261e-28
0.58,10.0,10.0,2.0,56.64803615307419,1.339615461612252e-28,1.339615461612252e-28,0.5,6.698077308061261e-28
0.59,10.0,10.0,2.0,56.64803615307419,1.339615461612252e-28,1.339615461612252e-28,0.5,6.698077308061261e-28
0.6,10.0,10.0,2.0,56.64803615307419,1.339615461612252e-28,1.339615461612252e-28,0.5,6.698077308061261e-28
0.61,10.0,10.0,2.0,56.64803615307419,1.339615461612252e-28,1.339615461612252e-28,0.5,6.698077308061261e-28
0.62,10.0,10.0,2.0,56.64803615307419,1.339615461612252e-28,1.339615461612252e-28,0.5,6.698077308061261e-28
0.63,10.0,10.0,2.0,56.64803615307419,1.339615461612252e-28,1.339615461612252e-28,0.5,6.698077308061261e-28
0.64,10.0,10.0,2.0,56.64803615307419,1.339615461612252e-28,1.339615461612252e-28,0.5,6.698077308061261e-28
0.65,10.0,10.0,2.0,56.64803615307419,1.339615461612252e-28,1.339615461612252e-28,0.5,6.698077308061261e-28
0.66,10.0,10.0,2.0,56.64803615307419,1.339615461612252e-28,1.339615461612252e-28,0.5,6.698077308061261e-28
0.67,10.0,10.0,2.0,56.64803615307419,1.339615461612252e-28,1.339615461612252e-28,0.5,6.698077308061261e-28
0.68,10.0,10.0,2.0,56.64803615307419,1.339615461612252e-28,1.339615461612252e-28,0.5,6.698077308061261e-28
0.6900000000000001,10.0,10.0,2.0,56.64803615307419,1.339615461612252e-28,1.339615461612252e-28,0.5,6.698077308061261e-28
0.7000000000000001,10.0,10.0,2.0,56.64803615307419,1.339615461612252e-28,1.339615461612252e-28,0.5,6.698077308061261e-28
0.71,10.0,10.0,2.0,56.64803615307419,1.339615461612252e-28,1.339615461612252e-28,0.5,6.698077308061261e-28
0.72,10.0,10.0,2.0,56.64803615307419,1.339615461612252e-28,1.339615461612252e-28,0.5,6.698077308061261e-28
0.73,10.0,10.0,2.0,56.64803615307419,1.339615461612252e-28,1.339615461612252e-28,0.5,6.698077308061261e-28
0.74,10.0,10.0,2.0,56.64803615307419,1.339615461612252e-28,1.339615461612252e-28,0.5,6.698077308061261e-28
0.75,10.0,10.0,2.0,56.64803615307419,1.339615461612252e-28,1.339615461612252e-28,0.5,6.698077308061261e-28
0.76,10.0,10.0,2.0,56.64803615307419,1.339615461612252e-28,1.339615461612252e-28,0.5,6.698077308061261e-28
0.77,10.0,10.0,2.0,56.64803615307419,1.339615461612252e-28,1.339615461612252e-28,0.5,6.698077308061261e-28
0.78,10.0,10.0,2.0,56.64803615307419,1.339615461612252e-28,1.339615461612252e-28,0.5,6.698077308061261e-28
0.79,10.0,10.0,2.0,56.64803615307419,1.339615461612252e-28,1.339615461612252e-28,0.5,6.698077308061261e-28
0.8,10.0,10.0,2.0,56.64803615307419,1.339615461612252e-28,1.339615461612252e-28,0.5,6.698077308061261e-28
0.81,10.0,10.0,2.0,56.64803615307419,1.339615461612252e-28,1.339615461612252e-28,0.5,6.698077308061261e-28
0.8200000000000001,10.0,10.0,2.0,56.64803615307419,1.339615461612252e-28,1.339615461612252e-28,0.5,6.698077308061261e-28
0.8300000000000001,10.0,10.0,2.0,56.64803615307419,1.339615461612252e-28,1.339615461612252e-28,0.5,6.698077308061261e-28
0.84,10.0,10.0,2.0,56.64803615307419,1.339615461612252e-28,1.339615461612252e-28,0.5,6.698077308061261e-28
0.85,10.0,10.0,2.0,56.64803615307419,1.339615461612252e-28,1.339615461612252e-28,0.5,6.698077308061261e-28
0.86,10.0,10.0,2.0,56.64803615307419,1.339615461612252e-28,1.339615461612252e-28,0.5,6.698077308061261e-28
0.87,10.0,10.0,2.0,56.64803615307419,1.339615461612252e-28,1.339615461612252e-28,0.5,6.698077308061261e-28
0.88,10.0,10.0,2.0,56.64803615307419,1.339615461612252e-28,1.339615461612252e-28,0.5,6.698077308061261e-28
0.89,10.0,10.0,2.0,56.64803615307419,1.339615461612252e-28,1.339615461612252e-28,0.5,6.698077308061261e-28
0.9,10.0,10.0,2.0,56.64803615307419,1.339615461612252e-28,1.339615461612252e-28,0.5,6.698077308061261e-28
0.91,10.0,10.0,2.0,56.64803615307419,1.339615461612252e-28,1.339615461612252e-28,0.5,6.698077308061261e-28
0.92,10.0,10.0,2.0,56.64803615307419,1.339615461612252e-28,1.339615461612252e-28,0.5,6.698077308061261e-28
0.93,10.0,10.0,2.0,56.64803615307419,1.339615461612252e-28,1.339615461612252e-28,0.5,6.698077308061261e-28
0.9400000000000001,10.0,10.0,2.0,56.64803615307419,1.339615461612252e-28,1.339615461612252e-28,0.5,6.698077308061261e-28
0.9500000000000001,10.0,10.0,2.0,56.64803615307419,1.339615461612252e-28,1.339615461612252e-28,0.5,6.698077308061261e-28
0.96,10.0,10.0,2.0,56.64803615307419,1.339615461612252e-28,1.339615461612252e-28,0.5,6.698077308061261e-28
0.97,10.0,10.0,2.0,56.64803615307419,1.339615461612252e-28,1.339615461612252e-28,0.5,6.698077308061261e-28
0.98,10.0,10.0,2.0,56.64803615307419,1.339615461612252e-28,1.339615461612252e-28,0.5,6.698077308061261e-28
0.99,10.0,10.0,2.0,56.64803615307419,1.339615461612252e-28,1.339615461612252e-28,0.5,6.698077308061261e-28
1.0,10.0,10.0,2.0,56.64803615307419,1.339615461612252e-28,1.339615461612252e-28,0.5,6.698077308061261e-28
1.01,10.0,10.0,2.0,56.64803615307419,1.339615461612252e-28,1.339615461612252e-28,0.5,6.698077308061261e-28
1.02,10.0,10.0,2.0,56.64803615307419,1.339615461612252e-28,1.339615461612252e-28,0.5,6.698077308061261e-28
1.03,10.0,10.0,2.0,56.64803615307419,1.339615461612252e-28,1.339615461612252e-28,0.5,6.698077308061261e-28
1.04,10.0,10.0,2.0,56.64803615307419,1.339615461612252e-28,1.339615461612252e-28,0.5,6.698077308061261e-28
1.05,10.0,10.0,2.0,56.64803615307419,1.339615461612252e-28,1.339615461612252e-28,0.5,6.698077308061261e-28
1.06,10.0,10.0,2.0,56.64803615307419,1.339615461612252e-28,1.339615461612252e-28,0.5,6.698077308061261e-28
1.07,10.0,10.0,2.0,56.64803615307419,1.339615461612252e-28,1.339615461612252e-28,0.5,6.698077308061261e-28
1.08,10.0,10.0,2.0,56.64803615307419,1.339615461612252e-28,1.339615461612252e-28,0.5,6.698077308061261e-28
1.09,10.0,10.0,2.0,56.64803615307419,1.339615461612252e-28,1.339615461612252e-28,0.5,6.698077308061261e-28
1.1,10.0,10.0,2.0,56.64803615307419,1.339615461612252e-28,1.339615461612252e-28,0.5,6.698077308061261e-28
1.11,10.0,10.0,2.0,56.64803615307419,1.339615461612252e-28,1.339615461612252e-28,0.5,6.698077308061261e-28
1.12,10.0,10.0,2.0,56.64803615307419,1.339615461612252e-28,1.339615461612252e-28,0.5,6.698077308061261e-28
1.1300000000000001,10.0,10.0,2.0,56.64803615307419,1.339615461612252e-28,1.339615461612252e-28,0.5,6.698077308061261e-28
1.1400000000000001,10.0,10.0,2.0,56.64803615307419,1.339615461612252e-28,1.339615461612252e-28,0.5,6.698077308061261e-28
1.1500000000000001,10.0,10.0,2.0,56.64803615307419,1.339615461612252e-28,1.339615461612252e-28,0.5,6.698077308061261e-28
1.16,10.0,10.0,2.0,56.64803615307419,1.339615461612252e-28,1.339615461612252e-28,0.5,6.698077308061261e-28
1.17,10.0,10.0,2.0,56.64803615307419,1.339615461612252e-28,1.339615461612252e-28,0.5,6.698077308061261e-28
1.18,10.0,10.0,2.0,56.64803615307419,1.339615461612252e-28,1.339615461612252e-28,0.5,6.698077308061261e-28
1.19,10.0,10.0,2.0,56.64803615307419,1.339615461612252e-28,1.339615461612252e-28,0.5,6.698077308061261e-28
1.2,10.0,10.0,2.0,56.64803615307419,1.339615461612252e-28,1.339615461612252e-28,0.5,6.698077308061261e-28
1.21,10.0,10.0,2.0,56.64803615307419,1.339615461612252e-28,1.339615461612252e-28,0.5,6.698077308061261e-28
1.22,10.0,10.0,2.0,56.64803615307419,1.339615461612252e-28,1.339615461612252e-28,0.5,6.698077308061261e-28
1.23,10.0,10.0,2.0,56.64803615307419,1.339615461612252e-28,1.339615461612252e-28,0.5,6.698077308061261e-28
1.24,10.0,10.0,2.0,56.64803615307419,1.339615461612252e-28,1.339615461612252e-28,0.5,6.698077308061261e-28
1.25,10.0,10.0,2.0,56.64803615307419,1.339615461612252e-28,1.339615461612252e-28,0.5,6.698077308061261e-28
1.26,10.0,10.0,2.0,56.64803615307419,1.339615461612252e-28,1.339615461612252e-28,0.5,6.698077308061261e-28
1.27,10.0,10.0,2.0,56.64803615307419,1.339615461612252e-28,1.339615461612252e-28,0.5,6.698077308061261e-28
1.28,10.0,10.0,2.0,56.64803615307419,1.339615461612252e-28,1.339615461612252e-28,0.5,6.698077308061261e-28
1.29,10.0,10.0,2.0,56.64803615307419,1.339615461612252e-28,1.339615461612252e-28,0.5,6.698077308061261e-28
1.3,10.0,10.0,2.0,56.64803615307419,1.339615461612252e-28,1.339615461612252e-28,0.5,6.698077308061261e-28
1.31,10.0,10.0,2.0,56.64803615307419,1.339615461612252e-28,1.339615461612252e-28,0.5,6.698077308061261e-28
1.32,10.0,10.0,2.0,56.64803615307419,1.339615461612252e-28,1.339615461612252e-28,0.5,6.698077308061261e-28
1.33,10.0,10.0,2.0,56.64803615307419,1.339615461612252e-28,1.339615461612252e-28,0.5,6.698077308061261e-28
1.34,10.0,10.0,2.0,56.64803615307419,1.339615461612252e-28,1.339615461612252e-28,0.5,6.698077308061261e-28
1.35,10.0,10.0,2.0,56.64803615307419,1.339615461612252e-28,1.339615461612252e-28,0.5,6.698077308061261e-28
1.36,10.0,10.0,2.0,56.64803615307419,1.339615461612252e-28,1.339615461612252e-28,0.5,6.698077308061261e-28
1.37,10.0,10.0,2.0,56.64803615307419,1.339615461612252e-28,1.339615461612252e-28,0.5,6.698077308061261e-28
1.3800000000000001,10.0,10.0,2.0,56.64803615307419,1.339615461612252e-28,1.339615461612252e-28,0.5,6.698077308061261e-28
1.3900000000000001,10.0,10.0,2.0,56.64803615307419,1.339615461612252e-28,1.339615461612252e-28,0.5,6.698077308061261e-28
1.4000000000000001,10.0,10.0,2.0,56.64803615307419,1.339615461612252e-28,1.339615461612252e-28,0.5,6.698077308061261e-28
1.41,10.0,10.0,2.0,56.64803615307419,1.339615461612252e-28,1.339615461612252e-28,0.5,6.698077308061261e-28
1.42,10.0,10.0,2.0,56.64803615307419,1.339615461612252e-28,1.339615461612252e-28,0.5,6.698077308061261e-28
1.43,10.0,10.0,2.0,56.64803615307419,1.339615461612252e-28,1.339615461612252e-28,0.5,6.698077308061261e-28
1.44,10.0,10.0,2.0,56.64803615307419,1.339615461612252e-28,1.339615461612252e-28,0.5,6.698077308061261e-28
1.45,10.0,10.0,2.0,56.64803615307419,1.339615461612252e-28,1.339615461612252e-28,0.5,6.698077308061261e-28
1.46,10.0,10.0,2.0,56.64803615307419,1.339615461612252e-28,1.339615461612252e-28,0.5,6.698077308061261e-28
1.47,10.0,10.0,2.0,56.64803615307419,1.339615461612252e-28,1.339615461612252e-28,0.5,6.698077308061261e-28
1.48,10.0,10.0,2.0,56.64803615307419,1.339615461612252e-28,1.339615461612252e-28,0.5,6.698077308061261e-28
1.49,10.0,10.0,2.0,56.64803615307419,1.339615461612252e-28,1.339615461612252e-28,0.5,6.698077308061261e-28
1.5,10.0,10.0,2.0,56.64803615307419,1.339615461612252e-28,1.339615461612252e-28,0.5,6.698077308061261e-28
1.51,10.0,10.0,2.0,56.64803615307419,1.339615461612252e-28,1.339615461612252e-28,0.5,6.698077308061261e-28
1.52,10.0,10.0,2.0,56.64803615307419,1.339615461612252e-28,1.339615461612252e-28,0.5,6.698077308061261e-28
1.53,10.0,10.0,2.0,56.64803615307419,1.339615461612252e-28,1.339615461612252e-28,0.5,6.698077308061261e-28
1.54,10.0,10.0,2.0,56.64803615307419,1.339615461612252e-28,1.339615461612252e-28,0.5,6.698077308061261e-28
1.55,10.0,10.0,2.0,56.64803615307419,1.339615461612252e-28,1.339615461612252e-28,0.5,6.698077308061261e-28
1.56,10.0,10.0,2.0,56.64803615307419,1.339615461612252e-28,1.339615461612252e-28,0.5,6.698077308061261e-28
1.57,10.0,10.0,2.0,56.64803615307419,1.339615461612252e-28,1.339615461612252e-28,0.5,6.698077308061261e-28
1.58,10.0,10.0,2.0,56.64803615307419,1.339615461612252e-28,1.339615461612252e-28,0.5,6.698077308061261e-28
1.59,10.0,10.0,2.0,56.64803615307419,1.339615461612252e-28,1.339615461612252e-28,0.5,6.698077308061261e-28
1.6,10.0,10.0,2.0,56.64803615307419,1.339615461612252e-28,1.339615461612252e-28,0.5,6.698077308061261e-28
1.61,10.0,10.0,2.0,56.64803615307419,1.339615461612252e-28,1.339615461612252e-28,0.5,6.698077308061261e-28
1.62,10.0,10.0,2.0,56.64803615307419,1.339615461612252e-28,1.339615461612252e-28,0.5,6.698077308061261e-28
1.6300000000000001,10.0,10.0,2.0,56.64803615307419,1.339615461612252e-28,1.339615461612252e-28,0.5,6.698077308061261e-28
1.6400000000000001,10.0,10.0,2.0,56.64803615307419,1.339615461612252e-28,1.339615461612252e-28,0.5,6.698077308061261e-28
1.6500000000000001,10.0,10.0,2.0,56.64803615307419,1.339615461612252e-28,1.339615461612252e-28,0.5,6.698077308061261e-28
1.6600000000000001,10.0,10.0,2.0,56.64803615307419,1.339615461612252e-28,1.339615461612252e-28,0.5,6.698077308061261e-28
1.67,10.0,10.0,2.0,56.64803615307419,1.339615461612252e-28,1.339615461612252e-28,0.5,6.698077308061261e-28
1.68,10.0,10.0,2.0,56.64803615307419,1.339615461612252e-28,1.339615461612252e-28,0.5,6.698077308061261e-28
1.69,10.0,10.0,2.0,56.64803615307419,1.339615461612252e-28,1.339615461612252e-28,0.5,6.698077308061261e-28
1.7,10.0,10.0,2.0,56.64803615307419,1.339615461612252e-28,1.339615461612252e-28,0.5,6.698077308061261e-28
1.71,10.0,10.0,2.0,56.64803615307419,1.339615461612252e-28,1.339615461612252e-28,0.5,6.698077308061261e-28
1.72,10.0,10.0,2.0,56.64803615307419,1.339615461612252e-28,1.339615461612252e-28,0.5,6.698077308061261e-28
1.73,10.0,10.0,2.0,56.64803615307419,1.339615461612252e-28,1.339615461612252e-28,0.5,6.698077308061261e-28
1.74,10.0,10.0,2.0,56.64803615307419,1.339615461612252e-28,1.339615461612252e-28,0.5,6.698077308061261e-28
1.75,10.0,10.0,2.0,56.64803615307419,1.339615461612252e-28,1.339615461612252e-28,0.5,6.698077308061261e-28
1.76,10.0,10.0,2.0,56.64803615307419,1.339615461612252e-28,1.339615461612252e-28,0.5,6.698077308061261e-28
1.77,10.0,10.0,2.0,56.64803615307419,1.339615461612252e-28,1.339615461612252e-28,0.5,6.698077308061261e-28
1.78,10.0,10.0,2.0,56.64803615307419,1.339615461612252e-28,1.339615461612252e-28,0.5,6.698077308061261e-28
1.79,10.0,10.0,2.0,56.64803615307419,1.339615461612252e-28,1.339615461612252e-28,0.5,6.698077308061261e-28
1.8,10.0,10.0,2.0,56.64803615307419,1.339615461612252e-28,1.339615461612252e-28,0.5,6.698077308061261e-28
1.81,10.0,10.0,2.0,56.64803615307419,1.339615461612252e-28,1.339615461612252e-28,0.5,6.698077308061261e-28
1.82,10.0,10.0,2.0,56.64803615307419,1.339615461612252e-28,1.339615461612252e-28,0.5,6.698077308061261e-28
1.83,10.0,10.0,2.0,56.64803615307419,1.339615461612252e-28,1.339615461612252e-28,0.5,6.698077308061261e-28
1.84,10.0,10.0,2.0,56.64803615307419,1.339615461612252e-28,1.339615461612252e-28,0.5,6.698077308061261e-28
1.85,10.0,10.0,2.0,56.64803615307419,1.339615461612252e-28,1.339615461612252e-28,0.5,6.698077308061261e-28
1.86,10.0,10.0,2.0,56.64803615307419,1.339615461612252e-28,1.339615461612252e-28,0.5,6.698077308061261e-28
1.87,10.0,10.0,2.0,56.64803615307419,1.339615461612252e-28,1.339615461612252e-28,0.5,6.698077308061261e-28
1.8800000000000001,10.0,10.0,2.0,56.64803615307419,1.339615461612252e-28,1.339615461612252e-28,0.5,6.698077308061261e-28
1.8900000000000001,10.0,10.0,2.0,56.64803615307419,1.339615461612252e-28,1.339615461612252e-28,0.5,6.698077308061261e-28
1.9000000000000001,10.0,10.0,2.0,56.64803615307419,1.339615461612252e-28,1.339615461612252e-28,0.5,6.698077308061261e-28
1.9100000000000001,10.0,10.0,2.0,56.64803615307419,1.339615461612252e-28,1.339615461612252e-28,0.5,6.698077308061261e-28
1.92,10.0,10.0,2.0,56.64803615307419,1.339615461612252e-28,1.339615461612252e-28,0.5,6.698077308061261e-28
1.93,10.0,10.0,2.0,56.64803615307419,1.339615461612252e-28,1.339615461612252e-28,0.5,6.698077308061261e-28
1.94,10.0,10.0,2.0,56.64803615307419,1.339615461612252e-28,1.339615461612252e-28,0.5,6.698077308061261e-28
1.95,10.0,10.0,2.0,56.64803615307419,1.339615461612252e-28,1.339615461612252e-28,0.5,6.698077308061261e-28
1.96,10.0,10.0,2.0,56.64803615307419,1.339615461612252e-28,1.339615461612252e-28,0.5,6.698077308061261e-28
1.97,10.0,10.0,2.0,56.64803615307419,1.339615461612252e-28,1.339615461612252e-28,0.5,6.698077308061261e-28
1.98,10.0,10.0,2.0,56.64803615307419,1.339615461612252e-28,1.339615461612252e-28,0.5,6.698077308061261e-28
1.99,10.0,10.0,2.0,56.64803615307419,1.339615461612252e-28,1.339615461612252e-28,0.5,6.698077308061261e-28
2.0,10.0,10.0,2.0,56.64803615307419,1.339615461612252e-28,1.339615461612252e-28,0.5,6.698077308061261e-28
2.0100000000000002,10.0,10.0,2.0,56.64803615307419,1.339615461612252e-28,1.339615461612252e-28,0.5,6.698077308061261e-28
2.02,10.0,10.0,2.0,56.64803615307419,1.339615461612252e-28,1.339615461612252e-28,0.5,6.698077308061261e-28
2.0300000000000002,10.0,10.0,2.0,56.64803615307419,1.339615461612252e-28,1.339615461612252e-28,0.5,6.698077308061261e-28
2.04,10.0,10.0,2.0,56.64803615307419,1.339615461612252e-28,1.339615461612252e-28,0.5,6.698077308061261e-28
2.05,10.0,10.0,2.0,56.64803615307419,1.339615461612252e-28,1.339615461612252e-28,0.5,6.698077308061261e-28
2.06,10.0,10.0,2.0,56.64803615307419,1.339615461612252e-28,1.339615461612252e-28,0.5,6.698077308061261e-28
2.07,10.0,10.0,2.0,56.64803615307419,1.339615461612252e-28,1.339615461612252e-28,0.5,6.698077308061261e-28
2.08,10.0,10.0,2.0,56.64803615307419,1.339615461612252e-28,1.339615461612252e-28,0.5,6.698077308061261e-28
2.09,10.0,10.0,2.0,56.64803615307419,1.339615461612252e-28,1.339615461612252e-28,0.5,6.698077308061261e-28
2.1,10.0,10.0,2.0,56.64803615307419,1.339615461612252e-28,1.339615461612252e-28,0.5,6.698077308061261e-28
2.11,10.0,10.0,2.0,56.64803615307419,1.339615461612252e-28,1.339615461612252e-28,0.5,6.698077308061261e-28
2.12,10.0,10.0,2.0,56.64803615307419,1.339615461612252e-28,1.339615461612252e-28,0.5,6.698077308061261e-28
2.13,10.0,10.0,2.0,56.64803615307419,1.339615461612252e-28,1.339615461612252e-28,0.5,6.698077308061261e-28
2.14,10.0,10.0,2.0,56.64803615307419,1.339615461612252e-28,1.339615461612252e-28,0.5,6.698077308061261e-28
2.15,10.0,10.0,2.0,56.64803615307419,1.339615461612252e-28,1.339615461612252e-28,0.5,6.698077308061261e-28
2.16,10.0,10.0,2.0,56.64803615307419,1.339615461612252e-28,1.339615461612252e-28,0.5,6.698077308061261e-28
2.17,10.0,10.0,2.0,56.64803615307419,1.339615461612252e-28,1.339615461612252e-28,0.5,6.698077308061261e-28
2.18,10.0,10.0,2.0,56.64803615307419,1.339615461612252e-28,1.339615461612252e-28,0.5,6.698077308061261e-28
2.19,10.0,10.0,2.0,56.64803615307419,1.339615461612252e-28,1.339615461612252e-28,0.5,6.698077308061261e-28
2.2,10.0,10.0,2.0,56.64803615307419,1.339615461612252e-28,1.339615461612252e-28,0.5,6.698077308061261e-28
2.21,10.0,10.0,2.0,56.64803615307419,1.339615461612252e-28,1.339615461612252e-28,0.5,6.698077308061261e-28
2.22,10.0,10.0,2.0,56.64803615307419,1.339615461612252e-28,1.339615461612252e-28,0.5,6.698077308061261e-28
2.23,10.0,10.0,2.0,56.64803615307419,1.339615461612252e-28,1.339615461612252e-28,0.5,6.698077308061261e-28
2.24,10.0,10.0,2.0,56.64803615307419,1.339615461612252e-28,1.339615461612252e-28,0.5,6.698077308061261e-28
2.25,10.0,10.0,2.0,56.64803615307419,1.339615461612252e-28,1.339615461612252e-28,0.5,6.698077308061261e-28
2.2600000000000002,10.0,10.0,2.0,56.64803615307419,1.339615461612252e-28,1.339615461612252e-28,0.5,6.698077308061261e-28
2.27,10.0,10.0,2.0,56.64803615307419,1.339615461612252e-28,1.339615461612252e-28,0.5,6.698077308061261e-28
2.2800000000000002,10.0,10.0,2.0,56.64803615307419,1.339615461612252e-28,1.339615461612252e-28,0.5,6.698077308061261e-28
2.29,10.0,10.0,2.0,56.64803615307419,1.339615461612252e-28,1.339615461612252e-28,0.5,6.698077308061261e-28
2.3000000000000003,10.0,10.0,2.0,56.64803615307419,1.339615461612252e-28,1.339615461612252e-28,0.5,6.698077308061261e-28
2.31,10.0,10.0,2.0,56.64803615307419,1.339615461612252e-28,1.339615461612252e-28,0.5,6.698077308061261e-28
2.32,10.0,10.0,2.0,56.64803615307419,1.339615461612252e-28,1.339615461612252e-28,0.5,6.698077308061261e-28
2.33,10.0,10.0,2.0,56.64803615307419,1.339615461612252e-28,1.339615461612252e-28,0.5,6.698077308061261e-28
2.34,10.0,10.0,2.0,56.64803615307419,1.339615461612252e-28,1.339615461612252e-28,0.5,6.698077308061261e-28
2.35,10.0,10.0,2.0,56.64803615307419,1.339615461612252e-28,1.339615461612252e-28,0.5,6.698077308061261e-28
2.36,10.0,10.0,2.0,56.64803615307419,1.339615461612252e-28,1.339615461612252e-28,0.5,6.698077308061261e-28
2.37,10.0,10.0,2.0,56.64803615307419,1.339615461612252e-28,1.339615461612252e-28,0.5,6.698077308061261e-28
2.38,10.0,10.0,2.0,56.64803615307419,1.339615461612252e-28,1.339615461612252e-28,0.5,6.698077308061261e-28
2.39,10.0,10.0,2.0,56.64803615307419,1.339615461612252e-28,1.339615461612252e-28,0.5,6.698077308061261e-28
2.4,10.0,10.0,2.0,56.64803615307419,1.339615461612252e-28,1.339615461612252e-28,0.5,6.698077308061261e-28
2.41,10.0,10.0,2.0,56.64803615307419,1.339615461612252e-28,1.339615461612252e-28,0.5,6.698077308061261e-28
2.42,10.0,10.0,2.0,56.64803615307419,1.339615461612252e-28,1.339615461612252e-28,0.5,6.698077308061261e-28
2.43,10.0,10.0,2.0,56.64803615307419,1.339615461612252e-28,1.339615461612252e-28,0.5,6.698077308061261e-28
2.44,10.0,10.0,2.0,56.64803615307419,1.339615461612252e-28,1.339615461612252e-28,0.5,6.698077308061261e-28
2.45,10.0,10.0,2.0,56.64803615307419,1.339615461612252e-28,1.339615461612252e-28,0.5,6.698077308061261e-28
2.46,10.0,10.0,2.0,56.64803615307419,1.339615461612252e-28,1.339615461612252e-28,0.5,6.698077308061261e-28
2.47,10.0,10.0,2.0,56.64803615307419,1.339615461612252e-28,1.339615461612252e-28,0.5,6.698077308061261e-28
2.48,10.0,10.0,2.0,56.64803615307419,1.339615461612252e-28,1.339615461612252e-28,0.5,6.698077308061261e-28
2.49,10.0,10.0,2.0,56.64803615307419,1.339615461612252e-28,1.339615461612252e-28,0.5,6.698077308061261e-28
2.5,10.0,10.0,2.0,56.64803615307419,1.339615461612252e-28,1.339615461612252e-28,0.5,6.698077308061261e-28
2.5100000000000002,10.0,10.0,2.0,56.64803615307419,1.339615461612252e-28,1.339615461612252e-28,0.5,6.698077308061261e-28
2.52,10.0,10.0,2.0,56.64803615307419,1.339615461612252e-28,1.339615461612252e-28,0.5,6.698077308061261e-28
2.5300000000000002,10.0,10.0,2.0,56.64803615307419,1.339615461612252e-28,1.339615461612252e-28,0.5,6.698077308061261e-28
2.54,10.0,10.0,2.0,56.64803615307419,1.339615461612252e-28,1.339615461612252e-28,0.5,6.698077308061261e-28
2.5500000000000003,10.0,10.0,2.0,56.64803615307419,1.339615461612252e-28,1.339615461612252e-28,0.5,6.698077308061261e-28
2.56,10.0,10.0,2.0,56.64803615307419,1.339615461612252e-28,1.339615461612252e-28,0.5,6.698077308061261e-28
2.57,10.0,10.0,2.0,56.64803615307419,1.339615461612252e-28,1.339615461612252e-28,0.5,6.698077308061261e-28
2.58,10.0,10.0,2.0,56.64803615307419,1.339615461612252e-28,1.339615461612252e-28,0.5,6.698077308061261e-28
2.59,10.0,10.0,2.0,56.64803615307419,1.339615461612252e-28,1.339615461612252e-28,0.5,6.698077308061261e-28
2.6,10.0,10.0,2.0,56.64803615307419,1.339615461612252e-28,1.339615461612252e-28,0.5,6.698077308061261e-28
2.61,10.0,10.0,2.0,56.64803615307419,1.339615461612252e-28,1.339615461612252e-28,0.5,6.698077308061261e-28
2.62,10.0,10.0,2.0,56.64803615307419,1.339615461612252e-28,1.339615461612252e-28,0.5,6.698077308061261e-28
2.63,10.0,10.0,2.0,56.64803615307419,1.339615461612252e-28,1.339615461612252e-28,0.5,6.698077308061261e-28
2.64,10.0,10.0,2.0,56.64803615307419,1.339615461612252e-28,1.339615461612252e-28,0.5,6.698077308061261e-28
2.65,10.0,10.0,2.0,56.64803615307419,1.339615461612252e-28,1.339615461612252e-28,0.5,6.698077308061261e-28
2.66,10.0,10.0,2.0,56.64803615307419,1.339615461612252e-28,1.339615461612252e-28,0.5,6.698077308061261e-28
2.67,10.0,10.0,2.0,56.64803615307419,1.339615461612252e-28,1.339615461612252e-28,0.5,6.698077308061261e-28
2.68,10.0,10.0,2.0,56.64803615307419,1.339615461612252e-28,1.339615461612252e-28,0.5,6.698077308061261e-28
2.69,10.0,10.0,2.0,56.64803615307419,1.339615461612252e-28,1.339615461612252e-28,0.5,6.698077308061261e-28
2.7,10.0,10.0,2.0,56.64803615307419,1.339615461612252e-28,1.339615461612252e-28,0.5,6.698077308061261e-28
2.71,10.0,10.0,2.0,56.64803615307419,1.339615461612252e-28,1.339615461612252e-28,0.5,6.698077308061261e-28
2.72,10.0,10.0,2.0,56.64803615307419,1.339615461612252e-28,1.339615461612252e-28,0.5,6.698077308061261e-28
2.73,10.0,10.0,2.0,56.64803615307419,1.339615461612252e-28,1.339615461612252e-28,0.5,6.698077308061261e-28
2.74,10.0,10.0,2.0,56.64803615307419,1.339615461612252e-28,1.339615461612252e-28,0.5,6.698077308061261e-28
2.75,10.0,10.0,2.0,56.64803615307419,1.339615461612252e-28,1.339615461612252e-28,0.5,6.698077308061261e-28
2.7600000000000002,10.0,10.0,2.0,56.64803615307419,1.339615461612252e-28,1.339615461612252e-28,0.5,6.698077308061261e-28
2.77,10.0,10.0,2.0,56.64803615307419,1.339615461612252e-28,1.339615461612252e-28,0.5,6.698077308061261e-28
2.7800000000000002,10.0,10.0,2.0,56.64803615307419,1.339615461612252e-28,1.339615461612252e-28,0.5,6.698077308061261e-28
2.79,10.0,10.0,2.0,56.64803615307419,1.339615461612252e-28,1.339615461612252e-28,0.5,6.698077308061261e-28
2.8000000000000003,10.0,10.0,2.0,56.64803615307419,1.339615461612252e-28,1.339615461612252e-28,0.5,6.698077308061261e-28
2.81,10.0,10.0,2.0,56.64803615307419,1.339615461612252e-28,1.339615461612252e-28,0.5,6.698077308061261e-28
2.82,10.0,10.0,2.0,56.64803615307419,1.339615461612252e-28,1.339615461612252e-28,0.5,6.698077308061261e-28
2.83,10.0,10.0,2.0,56.64803615307419,1.339615461612252e-28,1.339615461612252e-28,0.5,6.698077308061261e-28
2.84,10.0,10.0,2.0,56.64803615307419,1.339615461612252e-28,1.339615461612252e-28,0.5,6.698077308061261e-28
2.85,10.0,10.0,2.0,56.64803615307419,1.339615461612252e-28,1.339615461612252e-28,0.5,6.698077308061261e-28
2.86,10.0,10.0,2.0,56.64803615307419,1.339615461612252e-28,1.339615461612252e-28,0.5,6.698077308061261e-28
2.87,10.0,10.0,2.0,56.64803615307419,1.339615461612252e-28,1.339615461612252e-28,0.5,6.698077308061261e-28
2.88,10.0,10.0,2.0,56.64803615307419,1.339615461612252e-28,1.339615461612252e-28,0.5,6.698077308061261e-28
2.89,10.0,10.0,2.0,56.64803615307419,1.339615461612252e-28,1.339615461612252e-28,0.5,6.698077308061261e-28
2.9,10.0,10.0,2.0,56.64803615307419,1.339615461612252e-28,1.339615461612252e-28,0.5,6.698077308061261e-28
2.91,10.0,10.0,2.0,56.64803615307419,1.339615461612252e-28,1.339615461612252e-28,0.5,6.698077308061261e-28
2.92,10.0,10.0,2.0,56.64803615307419,1.339615461612252e-28,1.339615461612252e-28,0.5,6.698077308061261e-28
2.93,10.0,10.0,2.0,56.64803615307419,1.339615461612252e-28,1.339615461612252e-28,0.5,6.698077308061261e-28
2.94,10.0,10.0,2.0,56.64803615307419,1.339615461612252e-28,1.339615461612252e-28,0.5,6.698077308061261e-28
2.95,10.0,10.0,2.0,56.64803615307419,1.339615461612252e-28,1.339615461612252e-28,0.5,6.698077308061261e-28
2.96,10.0,10.0,2.0,56.64803615307419,1.339615461612252e-28,1.339615461612252e-28,0.5,6.698077308061261e-28
2.97,10.0,10.0,2.0,56.64803615307419,1.339615461612252e-28,1.339615461612252e-28,0.5,6.698077308061261e-28
2.98,10.0,10.0,2.0,56.64803615307419,1.339615461612252e-28,1.339615461612252e-28,0.5,6.698077308061261e-28
2.99,10.0,10.0,2.0,56.64803615307419,1.339615461612252e-28,1.339615461612252e-28,0.5,6.698077308061261e-28
3.0,10.0,10.0,2.0,56.64803615307419,1.339615461612252e-28,1.339615461612252e-28,0.5,6.698077308061261e-28
3.0100000000000002,10.0,10.0,2.0,56.64803615307419,1.339615461612252e-28,1.339615461612252e-28,0.5,6.698077308061261e-28
3.02,10.0,10.0,2.0,56.64803615307419,1.339615461612252e-28,1.339615461612252e-28,0.5,6.698077308061261e-28
3.0300000000000002,10.0,10.0,2.0,56.64803615307419,1.339615461612252e-28,1.339615461612252e-28,0.5,6.698077308061261e-28
3.04,10.0,10.0,2.0,56.64803615307419,1.339615461612252e-28,1.339615461612252e-28,0.5,6.698077308061261e-28
3.0500000000000003,10.0,10.0,2.0,56.64803615307419,1.339615461612252e-28,1.339615461612252e-28,0.5,6.698077308061261e-28
3.06,10.0,10.0,2.0,56.64803615307419,1.339615461612252e-28,1.339615461612252e-28,0.5,6.698077308061261e-28
3.0700000000000003,10.0,10.0,2.0,56.64803615307419,1.339615461612252e-28,1.339615461612252e-28,0.5,6.698077308061261e-28
3.08,10.0,10.0,2.0,56.64803615307419,1.339615461612252e-28,1.339615461612252e-28,0.5,6.698077308061261e-28
3.09,10.0,10.0,2.0,56.64803615307419,1.339615461612252e-28,1.339615461612252e-28,0.5,6.698077308061261e-28
3.1,10.0,10.0,2.0,56.64803615307419,1.339615461612252e-28,1.339615461612252e-28,0.5,6.698077308061261e-28
3.11,10.0,10.0,2.0,56.64803615307419,1.339615461612252e-28,1.339615461612252e-28,0.5,6.698077308061261e-28
3.12,10.0,10.0,2.0,56.64803615307419,1.339615461612252e-28,1.339615461612252e-28,0.5,6.698077308061261e-28
3.13,10.0,10.0,2.0,56.64803615307419,1.339615461612252e-28,1.339615461612252e-28,0.5,6.698077308061261e-28
3.14,10.0,10.0,2.0,56.64803615307419,1.339615461612252e-28,1.339615461612252e-28,0.5,6.698077308061261e-28
3.15,10.0,10.0,2.0,56.64803615307419,1.339615461612252e-28,1.339615461612252e-28,0.5,6.698077308061261e-28
3.16,10.0,10.0,2.0,56.64803615307419,1.339615461612252e-28,1.339615461612252e-28,0.5,6.698077308061261e-28
3.17,10.0,10.0,2.0,56.64803615307419,1.339615461612252e-28,1.339615461612252e-28,0.5,6.698077308061261e-28
3.18,10.0,10.0,2.0,56.64803615307419,1.339615461612252e-28,1.339615461612252e-28,0.5,6.698077308061261e-28
3.19,10.0,10.0,2.0,56.64803615307419,1.339615461612252e-28,1.339615461612252e-28,0.5,6.698077308061261e-28
3.2,10.0,10.0,2.0,56.64803615307419,1.339615461612252e-28,1.339615461612252e-28,0.5,6.698077308061261e-28
3.21,10.0,10.0,2.0,56.64803615307419,1.339615461612252e-28,1.339615461612252e-28,0.5,6.698077308061261e-28
3.22,10.0,10.0,2.0,56.64803615307419,1.339615461612252e-28,1.339615461612252e-28,0.5,6.698077308061261e-28
3.23,10.0,10.0,2.0,56.64803615307419,1.339615461612252e-28,1.339615461612252e-28,0.5,6.698077308061261e-28
3.24,10.0,10.0,2.0,56.64803615307419,1.339615461612252e-28,1.339615461612252e-28,0.5,6.698077308061261e-28
3.25,10.0,10.0,2.0,56.64803615307419,1.339615461612252e-28,1.339615461612252e-28,0.5,6.698077308061261e-28
3.2600000000000002,10.0,10.0,2.0,56.64803615307419,1.339615461612252e-28,1.339615461612252e-28,0.5,6.698077308061261e-28
3.27,10.0,10.0,2.0,56.64803615307419,1.339615461612252e-28,1.339615461612252e-28,0.5,6.698077308061261e-28
3.2800000000000002,10.0,10.0,2.0,56.64803615307419,1.339615461612252e-28,1.339615461612252e-28,0.5,6.698077308061261e-28
3.29,10.0,10.0,2.0,56.64803615307419,1.339615461612252e-28,1.339615461612252e-28,0.5,6.698077308061261e-28
3.3000000000000003,10.0,10.0,2.0,56.64803615307419,1.339615461612252e-28,1.339615461612252e-28,0.5,6.698077308061261e-28
3.31,10.0,10.0,2.0,56.64803615307419,1.339615461612252e-28,1.339615461612252e-28,0.5,6.698077308061261e-28
3.3200000000000003,10.0,10.0,2.0,56.64803615307419,1.339615461612252e-28,1.339615461612252e-28,0.5,6.698077308061261e-28
3.33,10.0,10.0,2.0,56.64803615307419,1.339615461612252e-28,1.339615461612252e-28,0.5,6.698077308061261e-28
3.34,10.0,10.0,2.0,56.64803615307419,1.339615461612252e-28,1.339615461612252e-28,0.5,6.698077308061261e-28
3.35,10.0,10.0,2.0,56.64803615307419,1.339615461612252e-28,1.339615461612252e-28,0.5,6.698077308061261e-28
3.36,10.0,10.0,2.0,56.64803615307419,1.339615461612252e-28,1.339615461612252e-28,0.5,6.698077308061261e-28
3.37,10.0,10.0,2.0,56.64803615307419,1.339615461612252e-28,1.339615461612252e-28,0.5,6.698077308061261e-28
3.38,10.0,10.0,2.0,56.64803615307419,1.339615461612252e-28,1.339615461612252e-28,0.5,6.698077308061261e-28
3.39,10.0,10.0,2.0,56.64803615307419,1.339615461612252e-28,1.339615461612252e-28,0.5,6.698077308061261e-28
3.4,10.0,10.0,2.0,56.64803615307419,1.339615461612252e-28,1.339615461612252e-28,0.5,6.698077308061261e-28
3.41,10.0,10.0,2.0,56.64803615307419,1.339615461612252e-28,1.339615461612252e-28,0.5,6.698077308061261e-28
3.42,10.0,10.0,2.0,56.64803615307419,1.339615461612252e-28,1.339615461612252e-28,0.5,6.698077308061261e-28
3.43,10.0,10.0,2.0,56.64803615307419,1.339615461612252e-28,1.339615461612252e-28,0.5,6.698077308061261e-28
3.44,10.0,10.0,2.0,56.64803615307419,1.339615461612252e-28,1.339615461612252e-28,0.5,6.698077308061261e-28
3.45,10.0,10.0,2.0,56.64803615307419,1.339615461612252e-28,1.339615461612252e-28,0.5,6.698077308061261e-28
3.46,10.0,10.0,2.0,56.64803615307419,1.339615461612252e-28,1.339615461612252e-28,0.5,6.698077308061261e-28
3.47,10.0,10.0,2.0,56.64803615307419,1.339615461612252e-28,1.339615461612252e-28,0.5,6.698077308061261e-28
3.48,10.0,10.0,2.0,56.64803615307419,1.339615461612252e-28,1.339615461612252e-28,0.5,6.698077308061261e-28
3.49,10.0,10.0,2.0,56.64803615307419,1.339615461612252e-28,1.339615461612252e-28,0.5,6.698077308061261e-28
3.5,10.0,10.0,2.0,56.64803615307419,1.339615461612252e-28,1.339615461612252e-28,0.5,6.698077308061261e-28
3.5100000000000002,10.0,10.0,2.0,56.64803615307419,1.339615461612252e-28,1.339615461612252e-28,0.5,6.698077308061261e-28
3.52,10.0,10.0,2.0,56.64803615307419,1.339615461612252e-28,1.339615461612252e-28,0.5,6.698077308061261e-28
3.5300000000000002,10.0,10.0,2.0,56.64803615307419,1.339615461612252e-28,1.339615461612252e-28,0.5,6.698077308061261e-28
3.54,10.0,10.0,2.0,56.64803615307419,1.339615461612252e-28,1.339615461612252e-28,0.5,6.698077308061261e-28
3.5500000000000003,10.0,10.0,2.0,56.64803615307419,1.339615461612252e-28,1.339615461612252e-28,0.5,6.698077308061261e-28
3.56,10.0,10.0,2.0,56.64803615307419,1.339615461612252e-28,1.339615461612252e-28,0.5,6.698077308061261e-28
3.5700000000000003,10.0,10.0,2.0,56.64803615307419,1.339615461612252e-28,1.339615461612252e-28,0.5,6.698077308061261e-28
3.58,10.0,10.0,2.0,56.64803615307419,1.339615461612252e-28,1.339615461612252e-28,0.5,6.698077308061261e-28
3.59,10.0,10.0,2.0,56.64803615307419,1.339615461612252e-28,1.339615461612252e-28,0.5,6.698077308061261e-28
3.6,10.0,10.0,2.0,56.64803615307419,1.339615461612252e-28,1.339615461612252e-28,0.5,6.698077308061261e-28
3.61,10.0,10.0,2.0,56.64803615307419,1.339615461612252e-28,1.339615461612252e-28,0.5,6.698077308061261e-28
3.62,10.0,10.0,2.0,56.64803615307419,1.339615461612252e-28,1.339615461612252e-28,0.5,6.698077308061261e-28
3.63,10.0,10.0,2.0,56.64803615307419,1.339615461612252e-28,1.339615461612252e-28,0.5,6.698077308061261e-28
3.64,10.0,10.0,2.0,56.64803615307419,1.339615461612252e-28,1.339615461612252e-28,0.5,6.698077308061261e-28
3.65,10.0,10.0,2.0,56.64803615307419,1.339615461612252e-28,1.339615461612252e-28,0.5,6.698077308061261e-28
3.66,10.0,10.0,2.0,56.64803615307419,1.339615461612252e-28,1.339615461612252e-28,0.5,6.698077308061261e-28
3.67,10.0,10.0,2.0,56.64803615307419,1.339615461612252e-28,1.339615461612252e-28,0.5,6.698077308061261e-28
3.68,10.0,10.0,2.0,56.64803615307419,1.339615461612252e-28,1.339615461612252e-28,0.5,6.698077308061261e-28
3.69,10.0,10.0,2.0,56.64803615307419,1.339615461612252e-28,1.339615461612252e-28,0.5,6.698077308061261e-28
3.7,10.0,10.0,2.0,56.64803615307419,1.339615461612252e-28,1.339615461612252e-28,0.5,6.698077308061261e-28
3.71,10.0,10.0,2.0,56.64803615307419,1.339615461612252e-28,1.339615461612252e-28,0.5,6.698077308061261e-28
3.72,10.0,10.0,2.0,56.64803615307419,1.339615461612252e-28,1.339615461612252e-28,0.5,6.698077308061261e-28
3.73,10.0,10.0,2.0,56.64803615307419,1.339615461612252e-28,1.339615461612252e-28,0.5,6.698077308061261e-28
3.74,10.0,10.0,2.0,56.64803615307419,1.339615461612252e-28,1.339615461612252e-28,0.5,6.698077308061261e-28
3.75,10.0,10.0,2.0,56.64803615307419,1.339615461612252e-28,1.339615461612252e-28,0.5,6.698077308061261e-28
3.7600000000000002,10.0,10.0,2.0,56.64803615307419,1.339615461612252e-28,1.339615461612252e-28,0.5,6.698077308061261e-28
3.77,10.0,10.0,2.0,56.64803615307419,1.339615461612252e-28,1.339615461612252e-28,0.5,6.698077308061261e-28
3.7800000000000002,10.0,10.0,2.0,56.64803615307419,1.339615461612252e-28,1.339615461612252e-28,0.5,6.698077308061261e-28
3.79,10.0,10.0,2.0,56.64803615307419,1.339615461612252e-28,1.339615461612252e-28,0.5,6.698077308061261e-28
3.8000000000000003,10.0,10.0,2.0,56.64803615307419,1.339615461612252e-28,1.339615461612252e-28,0.5,6.698077308061261e-28
3.81,10.0,10.0,2.0,56.64803615307419,1.339615461612252e-28,1.339615461612252e-28,0.5,6.698077308061261e-28
3.8200000000000003,10.0,10.0,2.0,56.64803615307419,1.339615461612252e-28,1.339615461612252e-28,0.5,6.698077308061261e-28
3.83,10.0,10.0,2.0,56.64803615307419,1.339615461612252e-28,1.339615461612252e-28,0.5,6.698077308061261e-28
3.84,10.0,10.0,2.0,56.64803615307419,1.339615461612252e-28,1.339615461612252e-28,0.5,6.698077308061261e-28
3.85,10.0,10.0,2.0,56.64803615307419,1.339615461612252e-28,1.339615461612252e-28,0.5,6.698077308061261e-28
3.86,10.0,10.0,2.0,56.64803615307419,1.339615461612252e-28,1.339615461612252e-28,0.5,6.698077308061261e-28
3.87,10.0,10.0,2.0,56.64803615307419,1.339615461612252e-28,1.339615461612252e-28,0.5,6.698077308061261e-28
3.88,10.0,10.0,2.0,56.64803615307419,1.339615461612252e-28,1.339615461612252e-28,0.5,6.698077308061261e-28
3.89,10.0,10.0,2.0,56.64803615307419,1.339615461612252e-28,1.339615461612252e-28,0.5,6.698077308061261e-28
3.9,10.0,10.0,2.0,56.64803615307419,1.339615461612252e-28,1.339615461612252e-28,0.5,6.698077308061261e-28
3.91,10.0,10.0,2.0,56.64803615307419,1.339615461612252e-28,1.339615461612252e-28,0.5,6.698077308061261e-28
3.92,10.0,10.0,2.0,56.64803615307419,1.339615461612252e-28,1.339615461612252e-28,0.5,6.698077308061261e-28
3.93,10.0,10.0,2.0,56.64803615307419,1.339615461612252e-28,1.339615461612252e-28,0.5,6.698077308061261e-28
3.94,10.0,10.0,2.0,56.64803615307419,1.339615461612252e-28,1.339615461612252e-28,0.5,6.698077308061261e-28
3.95,10.0,10.0,2.0,56.64803615307419,1.339615461612252e-28,1.339615461612252e-28,0.5,6.698077308061261e-28
3.96,10.0,10.0,2.0,56.64803615307419,1.339615461612252e-28,1.339615461612252e-28,0.5,6.698077308061261e-28
3.97,10.0,10.0,2.0,56.64803615307419,1.339615461612252e-28,1.339615461612252e-28,0.5,6.698077308061261e-28
3.98,10.0,10.0,2.0,56.64803615307419,1.339615461612252e-28,1.339615461612252e-28,0.5,6.698077308061261e-28
3.99,10.0,10.0,2.0,56.64803615307419,1.339615461612252e-28,1.339615461612252e-28,0.5,6.698077308061261e-28
4.0,10.0,10.0,2.0,56.64803615307419,1.339615461612252e-28,1.339615461612252e-28,0.5,6.698077308061261e-28
4.01,10.0,10.0,2.0,56.64803615307419,1.339615461612252e-28,1.339615461612252e-28,0.5,6.698077308061261e-28
4.0200000000000005,10.0,10.0,2.0,56.64803615307419,1.339615461612252e-28,1.339615461612252e-28,0.5,6.698077308061261e-28
4.03,10.0,10.0,2.0,56.64803615307419,1.339615461612252e-28,1.339615461612252e-28,0.5,6.698077308061261e-28
4.04,10.0,10.0,2.0,56.64803615307419,1.339615461612252e-28,1.339615461612252e-28,0.5,6.698077308061261e-28
4.05,10.0,10.0,2.0,56.64803615307419,1.339615461612252e-28,1.339615461612252e-28,0.5,6.698077308061261e-28
4.0600000000000005,10.0,10.0,2.0,56.64803615307419,1.339615461612252e-28,1.339615461612252e-28,0.5,6.698077308061261e-28
4.07,10.0,10.0,2.0,56.64803615307419,1.339615461612252e-28,1.339615461612252e-28,0.5,6.698077308061261e-28
4.08,10.0,10.0,2.0,56.64803615307419,1.339615461612252e-28,1.339615461612252e-28,0.5,6.698077308061261e-28
4.09,10.0,10.0,2.0,56.64803615307419,1.339615461612252e-28,1.339615461612252e-28,0.5,6.698077308061261e-28
4.1,10.0,10.0,2.0,56.64803615307419,1.339615461612252e-28,1.339615461612252e-28,0.5,6.698077308061261e-28
4.11,10.0,10.0,2.0,56.64803615307419,1.339615461612252e-28,1.339615461612252e-28,0.5,6.698077308061261e-28
4.12,10.0,10.0,2.0,56.64803615307419,1.339615461612252e-28,1.339615461612252e-28,0.5,6.698077308061261e-28
4.13,10.0,10.0,2.0,56.64803615307419,1.339615461612252e-28,1.339615461612252e-28,0.5,6.698077308061261e-28
4.14,10.0,10.0,2.0,56.64803615307419,1.339615461612252e-28,1.339615461612252e-28,0.5,6.698077308061261e-28
4.15,10.0,10.0,2.0,56.64803615307419,1.339615461612252e-28,1.339615461612252e-28,0.5,6.698077308061261e-28
4.16,10.0,10.0,2.0,56.64803615307419,1.339615461612252e-28,1.339615461612252e-28,0.5,6.698077308061261e-28
4.17,10.0,10.0,2.0,56.64803615307419,1.339615461612252e-28,1.339615461612252e-28,0.5,6.698077308061261e-28
4.18,10.0,10.0,2.0,56.64803615307419,1.339615461612252e-28,1.339615461612252e-28,0.5,6.698077308061261e-28
4.19,10.0,10.0,2.0,56.64803615307419,1.339615461612252e-28,1.339615461612252e-28,0.5,6.698077308061261e-28
4.2,10.0,10.0,2.0,56.64803615307419,1.339615461612252e-28,1.339615461612252e-28,0.5,6.698077308061261e-28
4.21,10.0,10.0,2.0,56.64803615307419,1.339615461612252e-28,1.339615461612252e-28,0.5,6.698077308061261e-28
4.22,10.0,10.0,2.0,56.64803615307419,1.339615461612252e-28,1.339615461612252e-28,0.5,6.698077308061261e-28
4.23,10.0,10.0,2.0,56.64803615307419,1.339615461612252e-28,1.339615461612252e-28,0.5,6.698077308061261e-28
4.24,10.0,10.0,2.0,56.64803615307419,1.339615461612252e-28,1.339615461612252e-28,0.5,6.698077308061261e-28
4.25,10.0,10.0,2.0,56.64803615307419,1.339615461612252e-28,1.339615461612252e-28,0.5,6.698077308061261e-28
4.26,10.0,10.0,2.0,56.64803615307419,1.339615461612252e-28,1.339615461612252e-28,0.5,6.698077308061261e-28
4.2700000000000005,10.0,10.0,2.0,56.64803615307419,1.339615461612252e-28,1.339615461612252e-28,0.5,6.698077308061261e-28
4.28,10.0,10.0,2.0,56.64803615307419,1.339615461612252e-28,1.339615461612252e-28,0.5,6.698077308061261e-28
4.29,10.0,10.0,2.0,56.64803615307419,1.339615461612252e-28,1.339615461612252e-28,0.5,6.698077308061261e-28
4.3,10.0,10.0,2.0,56.64803615307419,1.339615461612252e-28,1.339615461612252e-28,0.5,6.698077308061261e-28
4.3100000000000005,10.0,10.0,2.0,56.64803615307419,1.339615461612252e-28,1.339615461612252e-28,0.5,6.698077308061261e-28
4.32,10.0,10.0,2.0,56.64803615307419,1.339615461612252e-28,1.339615461612252e-28,0.5,6.698077308061261e-28
4.33,10.0,10.0,2.0,56.64803615307419,1.339615461612252e-28,1.339615461612252e-28,0.5,6.698077308061261e-28
4.34,10.0,10.0,2.0,56.64803615307419,1.339615461612252e-28,1.339615461612252e-28,0.5,6.698077308061261e-28
4.3500000000000005,10.0,10.0,2.0,56.64803615307419,1.339615461612252e-28,1.339615461612252e-28,0.5,6.698077308061261e-28
4.36,10.0,10.0,2.0,56.64803615307419,1.339615461612252e-28,1.339615461612252e-28,0.5,6.698077308061261e-28
4.37,10.0,10.0,2.0,56.64803615307419,1.339615461612252e-28,1.339615461612252e-28,0.5,6.698077308061261e-28
4.38,10.0,10.0,2.0,56.64803615307419,1.339615461612252e-28,1.339615461612252e-28,0.5,6.698077308061261e-28
4.39,10.0,10.0,2.0,56.64803615307419,1.339615461612252e-28,1.339615461612252e-28,0.5,6.698077308061261e-28
4.4,10.0,10.0,2.0,56.64803615307419,1.339615461612252e-28,1.339615461612252e-28,0.5,6.698077308061261e-28
4.41,10.0,10.0,2.0,56.64803615307419,1.339615461612252e-28,1.339615461612252e-28,0.5,6.698077308061261e-28
4.42,10.0,10.0,2.0,56.64803615307419,1.339615461612252e-28,1.339615461612252e-28,0.5,6.698077308061261e-28
4.43,10.0,10.0,2.0,56.64803615307419,1.339615461612252e-28,1.339615461612252e-28,0.5,6.698077308061261e-28
4.44,10.0,10.0,2.0,56.64803615307419,1.339615461612252e-28,1.339615461612252e-28,0.5,6.698077308061261e-28
4.45,10.0,10.0,2.0,56.64803615307419,1.339615461612252e-28,1.339615461612252e-28,0.5,6.698077308061261e-28
4.46,10.0,10.0,2.0,56.64803615307419,1.339615461612252e-28,1.339615461612252e-28,0.5,6.698077308061261e-28
4.47,10.0,10.0,2.0,56.64803615307419,1.339615461612252e-28,1.339615461612252e-28,0.5,6.698077308061261e-28
4.48,10.0,10.0,2.0,56.64803615307419,1.339615461612252e-28,1.339615461612252e-28,0.5,6.698077308061261e-28
4.49,10.0,10.0,2.0,56.64803615307419,1.339615461612252e-28,1.339615461612252e-28,0.5,6.698077308061261e-28
4.5,10.0,10.0,2.0,56.64803615307419,1.339615461612252e-28,1.339615461612252e-28,0.5,6.698077308061261e-28
4.51,10.0,10.0,2.0,56.64803615307419,1.339615461612252e-28,1.339615461612252e-28,0.5,6.698077308061261e-28
4.5200000000000005,10.0,10.0,2.0,56.64803615307419,1.339615461612252e-28,1.339615461612252e-28,0.5,6.698077308061261e-28
4.53,10.0,10.0,2.0,56.64803615307419,1.339615461612252e-28,1.339615461612252e-28,0.5,6.698077308061261e-28
4.54,10.0,10.0,2.0,56.64803615307419,1.339615461612252e-28,1.339615461612252e-28,0.5,6.698077308061261e-28
4.55,10.0,10.0,2.0,56.64803615307419,1.339615461612252e-28,1.339615461612252e-28,0.5,6.698077308061261e-28
4.5600000000000005,10.0,10.0,2.0,56.64803615307419,1.339615461612252e-28,1.339615461612252e-28,0.5,6.698077308061261e-28
4.57,10.0,10.0,2.0,56.64803615307419,1.339615461612252e-28,1.339615461612252e-28,0.5,6.698077308061261e-28
4.58,10.0,10.0,2.0,56.64803615307419,1.339615461612252e-28,1.339615461612252e-28,0.5,6.698077308061261e-28
4.59,10.0,10.0,2.0,56.64803615307419,1.339615461612252e-28,1.339615461612252e-28,0.5,6.698077308061261e-28
4.6000000000000005,10.0,10.0,2.0,56.64803615307419,1.339615461612252e-28,1.339615461612252e-28,0.5,6.698077308061261e-28
4.61,10.0,10.0,2.0,56.64803615307419,1.339615461612252e-28,1.339615461612252e-28,0.5,6.698077308061261e-28
4.62,10.0,10.0,2.0,56.64803615307419,1.339615461612252e-28,1.339615461612252e-28,0.5,6.698077308061261e-28
4.63,10.0,10.0,2.0,56.64803615307419,1.339615461612252e-28,1.339615461612252e-28,0.5,6.698077308061261e-28
4.64,10.0,10.0,2.0,56.64803615307419,1.339615461612252e-28,1.339615461612252e-28,0.5,6.698077308061261e-28
4.65,10.0,10.0,2.0,56.64803615307419,1.339615461612252e-28,1.339615461612252e-28,0.5,6.698077308061261e-28
4.66,10.0,10.0,2.0,56.64803615307419,1.339615461612252e-28,1.339615461612252e-28,0.5,6.698077308061261e-28
4.67,10.0,10.0,2.0,56.64803615307419,1.339615461612252e-28,1.339615461612252e-28,0.5,6.698077308061261e-28
4.68,10.0,10.0,2.0,56.64803615307419,1.339615461612252e-28,1.339615461612252e-28,0.5,6.698077308061261e-28
4.69,10.0,10.0,2.0,56.64803615307419,1.339615461612252e-28,1.339615461612252e-28,0.5,6.698077308061261e-28
4.7,10.0,10.0,2.0,56.64803615307419,1.339615461612252e-28,1.339615461612252e-28,0.5,6.698077308061261e-28
4.71,10.0,10.0,2.0,56.64803615307419,1.339615461612252e-28,1.339615461612252e-28,0.5,6.698077308061261e-28
4.72,10.0,10.0,2.0,56.64803615307419,1.339615461612252e-28,1.339615461612252e-28,0.5,6.698077308061261e-28
4.73,10.0,10.0,2.0,56.64803615307419,1.339615461612252e-28,1.339615461612252e-28,0.5,6.698077308061261e-28
4.74,10.0,10.0,2.0,56.64803615307419,1.339615461612252e-28,1.339615461612252e-28,0.5,6.698077308061261e-28
4.75,10.0,10.0,2.0,56.64803615307419,1.339615461612252e-28,1.339615461612252e-28,0.5,6.698077308061261e-28
4.76,10.0,10.0,2.0,56.64803615307419,1.339615461612252e-28,1.339615461612252e-28,0.5,6.698077308061261e-28
4.7700000000000005,10.0,10.0,2.0,56.64803615307419,1.339615461612252e-28,1.339615461612252e-28,0.5,6.698077308061261e-28
4.78,10.0,10.0,2.0,56.64803615307419,1.339615461612252e-28,1.339615461612252e-28,0.5,6.698077308061261e-28
4.79,10.0,10.0,2.0,56.64803615307419,1.339615461612252e-28,1.339615461612252e-28,0.5,6.698077308061261e-28
4.8,10.0,10.0,2.0,56.64803615307419,1.339615461612252e-28,1.339615461612252e-28,0.5,6.698077308061261e-28
4.8100000000000005,10.0,10.0,2.0,56.64803615307419,1.339615461612252e-28,1.339615461612252e-28,0.5,6.698077308061261e-28
4.82,10.0,10.0,2.0,56.64803615307419,1.339615461612252e-28,1.339615461612252e-28,0.5,6.698077308061261e-28
4.83,10.0,10.0,2.0,56.64803615307419,1.339615461612252e-28,1.339615461612252e-28,0.5,6.698077308061261e-28
4.84,10.0,10.0,2.0,56.64803615307419,1.339615461612252e-28,1.339615461612252e-28,0.5,6.698077308061261e-28
4.8500000000000005,10.0,10.0,2.0,56.64803615307419,1.339615461612252e-28,1.339615461612252e-28,0.5,6.698077308061261e-28
4.86,10.0,10.0,2.0,56.64803615307419,1.339615461612252e-28,1.339615461612252e-28,0.5,6.698077308061261e-28
4.87,10.0,10.0,2.0,56.64803615307419,1.339615461612252e-28,1.339615461612252e-28,0.5,6.698077308061261e-28
4.88,10.0,10.0,2.0,56.64803615307419,1.339615461612252e-28,1.339615461612252e-28,0.5,6.698077308061261e-28
4.89,10.0,10.0,2.0,56.64803615307419,1.339615461612252e-28,1.339615461612252e-28,0.5,6.698077308061261e-28
4.9,10.0,10.0,2.0,56.64803615307419,1.339615461612252e-28,1.339615461612252e-28,0.5,6.698077308061261e-28
4.91,10.0,10.0,2.0,56.64803615307419,1.339615461612252e-28,1.339615461612252e-28,0.5,6.698077308061261e-28
4.92,10.0,10.0,2.0,56.64803615307419,1.339615461612252e-28,1.339615461612252e-28,0.5,6.698077308061261e-28
4.93,10.0,10.0,2.0,56.64803615307419,1.339615461612252e-28,1.339615461612252e-28,0.5,6.698077308061261e-28
4.94,10.0,10.0,2.0,56.64803615307419,1.339615461612252e-28,1.339615461612252e-28,0.5,6.698077308061261e-28
4.95,10.0,10.0,2.0,56.64803615307419,1.339615461612252e-28,1.339615461612252e-28,0.5,6.698077308061261e-28
4.96,10.0,10.0,2.0,56.64803615307419,1.339615461612252e-28,1.339615461612252e-28,0.5,6.698077308061261e-28
4.97,10.0,10.0,2.0,56.64803615307419,1.339615461612252e-28,1.339615461612252e-28,0.5,6.698077308061261e-28
4.98,10.0,10.0,2.0,56.64803615307419,1.339615461612252e-28,1.339615461612252e-28,0.5,6.698077308061261e-28
4.99,10.0,10.0,2.0,56.64803615307419,1.339615461612252e-28,1.339615461612252e-28,0.5,6.698077308061261e-28
