time_s,x_mm,y_mm,z_mm,odor_conc
0.0,10.0,10.0,5.0,1.1253517471925912e-07
0.01,10.0,10.0,5.0,1.1253517471925912e-07
0.02,10.0,10.0,5.0,1.1253517471925912e-07
0.03,10.0,10.0,5.0,1.1253517471925912e-07
0.04,10.0,10.0,5.0,1.1253517471925912e-07
0.05,10.0,10.0,5.0,1.1253517471925912e-07
0.06,10.0,10.0,5.0,1.1253517471925912e-07
0.07,10.0,10.0,5.0,1.1253517471925912e-07
0.08,10.0,10.0,5.0,1.1253517471925912e-07
0.09,10.0,10.0,5.0,1.1253517471925912e-07
0.1,10.0,10.0,5.0,1.1253517471925912e-07
0.11,10.0,10.0,5.0,1.1253517471925912e-07
0.12,10.0,10.0,5.0,1.1253517471925912e-07
0.13,10.0,10.0,5.0,1.1253517471925912e-07
0.14,10.0,10.0,5.0,1.1253517471925912e-07
0.15,10.0,10.0,5.0,1.1253517471925912e-07
0.16,10.0,10.0,5.0,1.1253517471925912e-07
0.17,10.0,10.0,5.0,1.1253517471925912e-07
0.18,10.0,10.0,5.0,1.1253517471925912e-07
0.19,10.0,10.0,5.0,1.1253517471925912e-07
0.2,10.0,10.0,5.0,1.1253517471925912e-07
0.21,10.0,10.0,5.0,1.1253517471925912e-07
0.22,10.0,10.0,5.0,1.1253517471925912e-07
0.23,10.0,10.0,5.0,1.1253517471925912e-07
0.24,10.0,10.0,5.0,1.1253517471925912e-07
0.25,10.0,10.0,5.0,1.1253517471925912e-07
0.26,10.0,10.0,5.0,1.1253517471925912e-07
0.27,10.0,10.0,5.0,1.1253517471925912e-07
0.28,10.0,10.0,5.0,1.1253517471925912e-07
0.29,10.0,10.0,5.0,1.1253517471925912e-07
0.3,10.0,10.0,5.0,1.1253517471925912e-07
0.31,10.0,10.0,5.0,1.1253517471925912e-07
0.32,10.0,10.0,5.0,1.1253517471925912e-07
0.33,10.0,10.0,5.0,1.1253517471925912e-07
0.34,10.0,10.0,5.0,1.1253517471925912e-07
0.35000000000000003,10.0,10.0,5.0,1.1253517471925912e-07
0.36,10.0,10.0,5.0,1.1253517471925912e-07
0.37,10.0,10.0,5.0,1.1253517471925912e-07
0.38,10.0,10.0,5.0,1.1253517471925912e-07
0.39,10.0,10.0,5.0,1.1253517471925912e-07
0.4,10.0,10.0,5.0,1.1253517471925912e-07
0.41000000000000003,10.0,10.0,5.0,1.1253517471925912e-07
0.42,10.0,10.0,5.0,1.1253517471925912e-07
0.43,10.0,10.0,5.0,1.1253517471925912e-07
0.44,10.0,10.0,5.0,1.1253517471925912e-07
0.45,10.0,10.0,5.0,1.1253517471925912e-07
0.46,10.0,10.0,5.0,1.1253517471925912e-07
0.47000000000000003,10.0,10.0,5.0,1.1253517471925912e-07
0.48,10.0,10.0,5.0,1.1253517471925912e-07
0.49,10.0,10.0,5.0,1.1253517471925912e-07
0.5,10.0,10.0,5.0,1.1253517471925912e-07
0.51,10.0,10.0,5.0,1.1253517471925912e-07
0.52,10.0,10.0,5.0,1.1253517471925912e-07
0.53,10.0,10.0,5.0,1.1253517471925912e-07
0.54,10.0,10.0,5.0,1.1253517471925912e-07
0.55,10.0,10.0,5.0,1.1253517471925912e-07
0.56,10.0,10.0,5.0,1.1253517471925912e-07
0.5700000000000001,10.0,10.0,5.0,1.1253517471925912e-07
0.58,10.0,10.0,5.0,1.1253517471925912e-07
0.59,10.0,10.0,5.0,1.1253517471925912e-07
0.6,10.0,10.0,5.0,1.1253517471925912e-07
0.61,10.0,10.0,5.0,1.1253517471925912e-07
0.62,10.0,10.0,5.0,1.1253517471925912e-07
0.63,10.0,10.0,5.0,1.1253517471925912e-07
0.64,10.0,10.0,5.0,1.1253517471925912e-07
0.65,10.0,10.0,5.0,1.1253517471925912e-07
0.66,10.0,10.0,5.0,1.1253517471925912e-07
0.67,10.0,10.0,5.0,1.1253517471925912e-07
0.68,10.0,10.0,5.0,1.1253517471925912e-07
0.6900000000000001,10.0,10.0,5.0,1.1253517471925912e-07
0.7000000000000001,10.0,10.0,5.0,1.1253517471925912e-07
0.71,10.0,10.0,5.0,1.1253517471925912e-07
0.72,10.0,10.0,5.0,1.1253517471925912e-07
0.73,10.0,10.0,5.0,1.1253517471925912e-07
0.74,10.0,10.0,5.0,1.1253517471925912e-07
0.75,10.0,10.0,5.0,1.1253517471925912e-07
0.76,10.0,10.0,5.0,1.1253517471925912e-07
0.77,10.0,10.0,5.0,1.1253517471925912e-07
0.78,10.0,10.0,5.0,1.1253517471925912e-07
0.79,10.0,10.0,5.0,1.1253517471925912e-07
0.8,10.0,10.0,5.0,1.1253517471925912e-07
0.81,10.0,10.0,5.0,1.1253517471925912e-07
0.8200000000000001,10.0,10.0,5.0,1.1253517471925912e-07
0.8300000000000001,10.0,10.0,5.0,1.1253517471925912e-07
0.84,10.0,10.0,5.0,1.1253517471925912e-07
0.85,10.0,10.0,5.0,1.1253517471925912e-07
0.86,10.0,10.0,5.0,1.1253517471925912e-07
0.87,10.0,10.0,5.0,1.1253517471925912e-07
0.88,10.0,10.0,5.0,1.1253517471925912e-07
0.89,10.0,10.0,5.0,1.1253517471925912e-07
0.9,10.0,10.0,5.0,1.1253517471925912e-07
0.91,10.0,10.0,5.0,1.1253517471925912e-07
0.92,10.0,10.0,5.0,1.1253517471925912e-07
0.93,10.0,10.0,5.0,1.1253517471925912e-07
0.9400000000000001,10.0,10.0,5.0,1.1253517471925912e-07
0.9500000000000001,10.0,10.0,5.0,1.1253517471925912e-07
0.96,10.0,10.0,5.0,1.1253517471925912e-07
0.97,10.0,10.0,5.0,1.1253517471925912e-07
0.98,10.0,10.0,5.0,1.1253517471925912e-07
0.99,10.0,10.0,5.0,1.1253517471925912e-07
1.0,10.0,10.0,5.0,1.1253517471925912e-07
1.01,10.0,10.0,5.0,1.1253517471925912e-07
1.02,10.0,10.0,5.0,1.1253517471925912e-07
1.03,10.0,10.0,5.0,1.1253517471925912e-07
1.04,10.0,10.0,5.0,1.1253517471925912e-07
1.05,10.0,10.0,5.0,1.1253517471925912e-07
1.06,10.0,10.0,5.0,1.1253517471925912e-07
1.07,10.0,10.0,5.0,1.1253517471925912e-07
1.08,10.0,10.0,5.0,1.1253517471925912e-07
1.09,10.0,10.0,5.0,1.1253517471925912e-07
1.1,10.0,10.0,5.0,1.1253517471925912e-07
1.11,10.0,10.0,5.0,1.1253517471925912e-07
1.12,10.0,10.0,5.0,1.1253517471925912e-07
1.1300000000000001,10.0,10.0,5.0,1.1253517471925912e-07
1.1400000000000001,10.0,10.0,5.0,1.1253517471925912e-07
1.1500000000000001,10.0,10.0,5.0,1.1253517471925912e-07
1.16,10.0,10.0,5.0,1.1253517471925912e-07
1.17,10.0,10.0,5.0,1.1253517471925912e-07
1.18,10.0,10.0,5.0,1.1253517471925912e-07
1.19,10.0,10.0,5.0,1.1253517471925912e-07
1.2,10.0,10.0,5.0,1.1253517471925912e-07
1.21,10.0,10.0,5.0,1.1253517471925912e-07
1.22,10.0,10.0,5.0,1.1253517471925912e-07
1.23,10.0,10.0,5.0,1.1253517471925912e-07
1.24,10.0,10.0,5.0,1.1253517471925912e-07
1.25,10.0,10.0,5.0,1.1253517471925912e-07
1.26,10.0,10.0,5.0,1.1253517471925912e-07
1.27,10.0,10.0,5.0,1.1253517471925912e-07
1.28,10.0,10.0,5.0,1.1253517471925912e-07
1.29,10.0,10.0,5.0,1.1253517471925912e-07
1.3,10.0,10.0,5.0,1.1253517471925912e-07
1.31,10.0,10.0,5.0,1.1253517471925912e-07
1.32,10.0,10.0,5.0,1.1253517471925912e-07
1.33,10.0,10.0,5.0,1.1253517471925912e-07
1.34,10.0,10.0,5.0,1.1253517471925912e-07
1.35,10.0,10.0,5.0,1.1253517471925912e-07
1.36,10.0,10.0,5.0,1.1253517471925912e-07
1.37,10.0,10.0,5.0,1.1253517471925912e-07
1.3800000000000001,10.0,10.0,5.0,1.1253517471925912e-07
1.3900000000000001,10.0,10.0,5.0,1.1253517471925912e-07
1.4000000000000001,10.0,10.0,5.0,1.1253517471925912e-07
1.41,10.0,10.0,5.0,1.1253517471925912e-07
1.42,10.0,10.0,5.0,1.1253517471925912e-07
1.43,10.0,10.0,5.0,1.1253517471925912e-07
1.44,10.0,10.0,5.0,1.1253517471925912e-07
1.45,10.0,10.0,5.0,1.1253517471925912e-07
1.46,10.0,10.0,5.0,1.1253517471925912e-07
1.47,10.0,10.0,5.0,1.1253517471925912e-07
1.48,10.0,10.0,5.0,1.1253517471925912e-07
1.49,10.0,10.0,5.0,1.1253517471925912e-07
1.5,10.0,10.0,5.0,1.1253517471925912e-07
1.51,10.0,10.0,5.0,1.1253517471925912e-07
1.52,10.0,10.0,5.0,1.1253517471925912e-07
1.53,10.0,10.0,5.0,1.1253517471925912e-07
1.54,10.0,10.0,5.0,1.1253517471925912e-07
1.55,10.0,10.0,5.0,1.1253517471925912e-07
1.56,10.0,10.0,5.0,1.1253517471925912e-07
1.57,10.0,10.0,5.0,1.1253517471925912e-07
1.58,10.0,10.0,5.0,1.1253517471925912e-07
1.59,10.0,10.0,5.0,1.1253517471925912e-07
1.6,10.0,10.0,5.0,1.1253517471925912e-07
1.61,10.0,10.0,5.0,1.1253517471925912e-07
1.62,10.0,10.0,5.0,1.1253517471925912e-07
1.6300000000000001,10.0,10.0,5.0,1.1253517471925912e-07
1.6400000000000001,10.0,10.0,5.0,1.1253517471925912e-07
1.6500000000000001,10.0,10.0,5.0,1.1253517471925912e-07
1.6600000000000001,10.0,10.0,5.0,1.1253517471925912e-07
1.67,10.0,10.0,5.0,1.1253517471925912e-07
1.68,10.0,10.0,5.0,1.1253517471925912e-07
1.69,10.0,10.0,5.0,1.1253517471925912e-07
1.7,10.0,10.0,5.0,1.1253517471925912e-07
1.71,10.0,10.0,5.0,1.1253517471925912e-07
1.72,10.0,10.0,5.0,1.1253517471925912e-07
1.73,10.0,10.0,5.0,1.1253517471925912e-07
1.74,10.0,10.0,5.0,1.1253517471925912e-07
1.75,10.0,10.0,5.0,1.1253517471925912e-07
1.76,10.0,10.0,5.0,1.1253517471925912e-07
1.77,10.0,10.0,5.0,1.1253517471925912e-07
1.78,10.0,10.0,5.0,1.1253517471925912e-07
1.79,10.0,10.0,5.0,1.1253517471925912e-07
1.8,10.0,10.0,5.0,1.1253517471925912e-07
1.81,10.0,10.0,5.0,1.1253517471925912e-07
1.82,10.0,10.0,5.0,1.1253517471925912e-07
1.83,10.0,10.0,5.0,1.1253517471925912e-07
1.84,10.0,10.0,5.0,1.1253517471925912e-07
1.85,10.0,10.0,5.0,1.1253517471925912e-07
1.86,10.0,10.0,5.0,1.1253517471925912e-07
1.87,10.0,10.0,5.0,1.1253517471925912e-07
1.8800000000000001,10.0,10.0,5.0,1.1253517471925912e-07
1.8900000000000001,10.0,10.0,5.0,1.1253517471925912e-07
1.9000000000000001,10.0,10.0,5.0,1.1253517471925912e-07
1.9100000000000001,10.0,10.0,5.0,1.1253517471925912e-07
1.92,10.0,10.0,5.0,1.1253517471925912e-07
1.93,10.0,10.0,5.0,1.1253517471925912e-07
1.94,10.0,10.0,5.0,1.1253517471925912e-07
1.95,10.0,10.0,5.0,1.1253517471925912e-07
1.96,10.0,10.0,5.0,1.1253517471925912e-07
1.97,10.0,10.0,5.0,1.1253517471925912e-07
1.98,10.0,10.0,5.0,1.1253517471925912e-07
1.99,10.0,10.0,5.0,1.1253517471925912e-07
2.0,10.0,10.0,5.0,1.1253517471925912e-07
2.0100000000000002,10.0,10.0,5.0,1.1253517471925912e-07
2.02,10.0,10.0,5.0,1.1253517471925912e-07
2.0300000000000002,10.0,10.0,5.0,1.1253517471925912e-07
2.04,10.0,10.0,5.0,1.1253517471925912e-07
2.05,10.0,10.0,5.0,1.1253517471925912e-07
2.06,10.0,10.0,5.0,1.1253517471925912e-07
2.07,10.0,10.0,5.0,1.1253517471925912e-07
2.08,10.0,10.0,5.0,1.1253517471925912e-07
2.09,10.0,10.0,5.0,1.1253517471925912e-07
2.1,10.0,10.0,5.0,1.1253517471925912e-07
2.11,10.0,10.0,5.0,1.1253517471925912e-07
2.12,10.0,10.0,5.0,1.1253517471925912e-07
2.13,10.0,10.0,5.0,1.1253517471925912e-07
2.14,10.0,10.0,5.0,1.1253517471925912e-07
2.15,10.0,10.0,5.0,1.1253517471925912e-07
2.16,10.0,10.0,5.0,1.1253517471925912e-07
2.17,10.0,10.0,5.0,1.1253517471925912e-07
2.18,10.0,10.0,5.0,1.1253517471925912e-07
2.19,10.0,10.0,5.0,1.1253517471925912e-07
2.2,10.0,10.0,5.0,1.1253517471925912e-07
2.21,10.0,10.0,5.0,1.1253517471925912e-07
2.22,10.0,10.0,5.0,1.1253517471925912e-07
2.23,10.0,10.0,5.0,1.1253517471925912e-07
2.24,10.0,10.0,5.0,1.1253517471925912e-07
2.25,10.0,10.0,5.0,1.1253517471925912e-07
2.2600000000000002,10.0,10.0,5.0,1.1253517471925912e-07
2.27,10.0,10.0,5.0,1.1253517471925912e-07
2.2800000000000002,10.0,10.0,5.0,1.1253517471925912e-07
2.29,10.0,10.0,5.0,1.1253517471925912e-07
2.3000000000000003,10.0,10.0,5.0,1.1253517471925912e-07
2.31,10.0,10.0,5.0,1.1253517471925912e-07
2.32,10.0,10.0,5.0,1.1253517471925912e-07
2.33,10.0,10.0,5.0,1.1253517471925912e-07
2.34,10.0,10.0,5.0,1.1253517471925912e-07
2.35,10.0,10.0,5.0,1.1253517471925912e-07
2.36,10.0,10.0,5.0,1.1253517471925912e-07
2.37,10.0,10.0,5.0,1.1253517471925912e-07
2.38,10.0,10.0,5.0,1.1253517471925912e-07
2.39,10.0,10.0,5.0,1.1253517471925912e-07
2.4,10.0,10.0,5.0,1.1253517471925912e-07
2.41,10.0,10.0,5.0,1.1253517471925912e-07
2.42,10.0,10.0,5.0,1.1253517471925912e-07
2.43,10.0,10.0,5.0,1.1253517471925912e-07
2.44,10.0,10.0,5.0,1.1253517471925912e-07
2.45,10.0,10.0,5.0,1.1253517471925912e-07
2.46,10.0,10.0,5.0,1.1253517471925912e-07
2.47,10.0,10.0,5.0,1.1253517471925912e-07
2.48,10.0,10.0,5.0,1.1253517471925912e-07
2.49,10.0,10.0,5.0,1.1253517471925912e-07
2.5,10.0,10.0,5.0,1.1253517471925912e-07
2.5100000000000002,10.0,10.0,5.0,1.1253517471925912e-07
2.52,10.0,10.0,5.0,1.1253517471925912e-07
2.5300000000000002,10.0,10.0,5.0,1.1253517471925912e-07
2.54,10.0,10.0,5.0,1.1253517471925912e-07
2.5500000000000003,10.0,10.0,5.0,1.1253517471925912e-07
2.56,10.0,10.0,5.0,1.1253517471925912e-07
2.57,10.0,10.0,5.0,1.1253517471925912e-07
2.58,10.0,10.0,5.0,1.1253517471925912e-07
2.59,10.0,10.0,5.0,1.1253517471925912e-07
2.6,10.0,10.0,5.0,1.1253517471925912e-07
2.61,10.0,10.0,5.0,1.1253517471925912e-07
2.62,10.0,10.0,5.0,1.1253517471925912e-07
2.63,10.0,10.0,5.0,1.1253517471925912e-07
2.64,10.0,10.0,5.0,1.1253517471925912e-07
2.65,10.0,10.0,5.0,1.1253517471925912e-07
2.66,10.0,10.0,5.0,1.1253517471925912e-07
2.67,10.0,10.0,5.0,1.1253517471925912e-07
2.68,10.0,10.0,5.0,1.1253517471925912e-07
2.69,10.0,10.0,5.0,1.1253517471925912e-07
2.7,10.0,10.0,5.0,1.1253517471925912e-07
2.71,10.0,10.0,5.0,1.1253517471925912e-07
2.72,10.0,10.0,5.0,1.1253517471925912e-07
2.73,10.0,10.0,5.0,1.1253517471925912e-07
2.74,10.0,10.0,5.0,1.1253517471925912e-07
2.75,10.0,10.0,5.0,1.1253517471925912e-07
2.7600000000000002,10.0,10.0,5.0,1.1253517471925912e-07
2.77,10.0,10.0,5.0,1.1253517471925912e-07
2.7800000000000002,10.0,10.0,5.0,1.1253517471925912e-07
2.79,10.0,10.0,5.0,1.1253517471925912e-07
2.8000000000000003,10.0,10.0,5.0,1.1253517471925912e-07
2.81,10.0,10.0,5.0,1.1253517471925912e-07
2.82,10.0,10.0,5.0,1.1253517471925912e-07
2.83,10.0,10.0,5.0,1.1253517471925912e-07
2.84,10.0,10.0,5.0,1.1253517471925912e-07
2.85,10.0,10.0,5.0,1.1253517471925912e-07
2.86,10.0,10.0,5.0,1.1253517471925912e-07
2.87,10.0,10.0,5.0,1.1253517471925912e-07
2.88,10.0,10.0,5.0,1.1253517471925912e-07
2.89,10.0,10.0,5.0,1.1253517471925912e-07
2.9,10.0,10.0,5.0,1.1253517471925912e-07
2.91,10.0,10.0,5.0,1.1253517471925912e-07
2.92,10.0,10.0,5.0,1.1253517471925912e-07
2.93,10.0,10.0,5.0,1.1253517471925912e-07
2.94,10.0,10.0,5.0,1.1253517471925912e-07
2.95,10.0,10.0,5.0,1.1253517471925912e-07
2.96,10.0,10.0,5.0,1.1253517471925912e-07
2.97,10.0,10.0,5.0,1.1253517471925912e-07
2.98,10.0,10.0,5.0,1.1253517471925912e-07
2.99,10.0,10.0,5.0,1.1253517471925912e-07
3.0,10.0,10.0,5.0,1.1253517471925912e-07
3.0100000000000002,10.0,10.0,5.0,1.1253517471925912e-07
3.02,10.0,10.0,5.0,1.1253517471925912e-07
3.0300000000000002,10.0,10.0,5.0,1.1253517471925912e-07
3.04,10.0,10.0,5.0,1.1253517471925912e-07
3.0500000000000003,10.0,10.0,5.0,1.1253517471925912e-07
3.06,10.0,10.0,5.0,1.1253517471925912e-07
3.0700000000000003,10.0,10.0,5.0,1.1253517471925912e-07
3.08,10.0,10.0,5.0,1.1253517471925912e-07
3.09,10.0,10.0,5.0,1.1253517471925912e-07
3.1,10.0,10.0,5.0,1.1253517471925912e-07
3.11,10.0,10.0,5.0,1.1253517471925912e-07
3.12,10.0,10.0,5.0,1.1253517471925912e-07
3.13,10.0,10.0,5.0,1.1253517471925912e-07
3.14,10.0,10.0,5.0,1.1253517471925912e-07
3.15,10.0,10.0,5.0,1.1253517471925912e-07
3.16,10.0,10.0,5.0,1.1253517471925912e-07
3.17,10.0,10.0,5.0,1.1253517471925912e-07
3.18,10.0,10.0,5.0,1.1253517471925912e-07
3.19,10.0,10.0,5.0,1.1253517471925912e-07
3.2,10.0,10.0,5.0,1.1253517471925912e-07
3.21,10.0,10.0,5.0,1.1253517471925912e-07
3.22,10.0,10.0,5.0,1.1253517471925912e-07
3.23,10.0,10.0,5.0,1.1253517471925912e-07
3.24,10.0,10.0,5.0,1.1253517471925912e-07
3.25,10.0,10.0,5.0,1.1253517471925912e-07
3.2600000000000002,10.0,10.0,5.0,1.1253517471925912e-07
3.27,10.0,10.0,5.0,1.1253517471925912e-07
3.2800000000000002,10.0,10.0,5.0,1.1253517471925912e-07
3.29,10.0,10.0,5.0,1.1253517471925912e-07
3.3000000000000003,10.0,10.0,5.0,1.1253517471925912e-07
3.31,10.0,10.0,5.0,1.1253517471925912e-07
3.3200000000000003,10.0,10.0,5.0,1.1253517471925912e-07
3.33,10.0,10.0,5.0,1.1253517471925912e-07
3.34,10.0,10.0,5.0,1.1253517471925912e-07
3.35,10.0,10.0,5.0,1.1253517471925912e-07
3.36,10.0,10.0,5.0,1.1253517471925912e-07
3.37,10.0,10.0,5.0,1.1253517471925912e-07
3.38,10.0,10.0,5.0,1.1253517471925912e-07
3.39,10.0,10.0,5.0,1.1253517471925912e-07
3.4,10.0,10.0,5.0,1.1253517471925912e-07
3.41,10.0,10.0,5.0,1.1253517471925912e-07
3.42,10.0,10.0,5.0,1.1253517471925912e-07
3.43,10.0,10.0,5.0,1.1253517471925912e-07
3.44,10.0,10.0,5.0,1.1253517471925912e-07
3.45,10.0,10.0,5.0,1.1253517471925912e-07
3.46,10.0,10.0,5.0,1.1253517471925912e-07
3.47,10.0,10.0,5.0,1.1253517471925912e-07
3.48,10.0,10.0,5.0,1.1253517471925912e-07
3.49,10.0,10.0,5.0,1.1253517471925912e-07
3.5,10.0,10.0,5.0,1.1253517471925912e-07
3.5100000000000002,10.0,10.0,5.0,1.1253517471925912e-07
3.52,10.0,10.0,5.0,1.1253517471925912e-07
3.5300000000000002,10.0,10.0,5.0,1.1253517471925912e-07
3.54,10.0,10.0,5.0,1.1253517471925912e-07
3.5500000000000003,10.0,10.0,5.0,1.1253517471925912e-07
3.56,10.0,10.0,5.0,1.1253517471925912e-07
3.5700000000000003,10.0,10.0,5.0,1.1253517471925912e-07
3.58,10.0,10.0,5.0,1.1253517471925912e-07
3.59,10.0,10.0,5.0,1.1253517471925912e-07
3.6,10.0,10.0,5.0,1.1253517471925912e-07
3.61,10.0,10.0,5.0,1.1253517471925912e-07
3.62,10.0,10.0,5.0,1.1253517471925912e-07
3.63,10.0,10.0,5.0,1.1253517471925912e-07
3.64,10.0,10.0,5.0,1.1253517471925912e-07
3.65,10.0,10.0,5.0,1.1253517471925912e-07
3.66,10.0,10.0,5.0,1.1253517471925912e-07
3.67,10.0,10.0,5.0,1.1253517471925912e-07
3.68,10.0,10.0,5.0,1.1253517471925912e-07
3.69,10.0,10.0,5.0,1.1253517471925912e-07
3.7,10.0,10.0,5.0,1.1253517471925912e-07
3.71,10.0,10.0,5.0,1.1253517471925912e-07
3.72,10.0,10.0,5.0,1.1253517471925912e-07
3.73,10.0,10.0,5.0,1.1253517471925912e-07
3.74,10.0,10.0,5.0,1.1253517471925912e-07
3.75,10.0,10.0,5.0,1.1253517471925912e-07
3.7600000000000002,10.0,10.0,5.0,1.1253517471925912e-07
3.77,10.0,10.0,5.0,1.1253517471925912e-07
3.7800000000000002,10.0,10.0,5.0,1.1253517471925912e-07
3.79,10.0,10.0,5.0,1.1253517471925912e-07
3.8000000000000003,10.0,10.0,5.0,1.1253517471925912e-07
3.81,10.0,10.0,5.0,1.1253517471925912e-07
3.8200000000000003,10.0,10.0,5.0,1.1253517471925912e-07
3.83,10.0,10.0,5.0,1.1253517471925912e-07
3.84,10.0,10.0,5.0,1.1253517471925912e-07
3.85,10.0,10.0,5.0,1.1253517471925912e-07
3.86,10.0,10.0,5.0,1.1253517471925912e-07
3.87,10.0,10.0,5.0,1.1253517471925912e-07
3.88,10.0,10.0,5.0,1.1253517471925912e-07
3.89,10.0,10.0,5.0,1.1253517471925912e-07
3.9,10.0,10.0,5.0,1.1253517471925912e-07
3.91,10.0,10.0,5.0,1.1253517471925912e-07
3.92,10.0,10.0,5.0,1.1253517471925912e-07
3.93,10.0,10.0,5.0,1.1253517471925912e-07
3.94,10.0,10.0,5.0,1.1253517471925912e-07
3.95,10.0,10.0,5.0,1.1253517471925912e-07
3.96,10.0,10.0,5.0,1.1253517471925912e-07
3.97,10.0,10.0,5.0,1.1253517471925912e-07
3.98,10.0,10.0,5.0,1.1253517471925912e-07
3.99,10.0,10.0,5.0,1.1253517471925912e-07
4.0,10.0,10.0,5.0,1.1253517471925912e-07
4.01,10.0,10.0,5.0,1.1253517471925912e-07
4.0200000000000005,10.0,10.0,5.0,1.1253517471925912e-07
4.03,10.0,10.0,5.0,1.1253517471925912e-07
4.04,10.0,10.0,5.0,1.1253517471925912e-07
4.05,10.0,10.0,5.0,1.1253517471925912e-07
4.0600000000000005,10.0,10.0,5.0,1.1253517471925912e-07
4.07,10.0,10.0,5.0,1.1253517471925912e-07
4.08,10.0,10.0,5.0,1.1253517471925912e-07
4.09,10.0,10.0,5.0,1.1253517471925912e-07
4.1,10.0,10.0,5.0,1.1253517471925912e-07
4.11,10.0,10.0,5.0,1.1253517471925912e-07
4.12,10.0,10.0,5.0,1.1253517471925912e-07
4.13,10.0,10.0,5.0,1.1253517471925912e-07
4.14,10.0,10.0,5.0,1.1253517471925912e-07
4.15,10.0,10.0,5.0,1.1253517471925912e-07
4.16,10.0,10.0,5.0,1.1253517471925912e-07
4.17,10.0,10.0,5.0,1.1253517471925912e-07
4.18,10.0,10.0,5.0,1.1253517471925912e-07
4.19,10.0,10.0,5.0,1.1253517471925912e-07
4.2,10.0,10.0,5.0,1.1253517471925912e-07
4.21,10.0,10.0,5.0,1.1253517471925912e-07
4.22,10.0,10.0,5.0,1.1253517471925912e-07
4.23,10.0,10.0,5.0,1.1253517471925912e-07
4.24,10.0,10.0,5.0,1.1253517471925912e-07
4.25,10.0,10.0,5.0,1.1253517471925912e-07
4.26,10.0,10.0,5.0,1.1253517471925912e-07
4.2700000000000005,10.0,10.0,5.0,1.1253517471925912e-07
4.28,10.0,10.0,5.0,1.1253517471925912e-07
4.29,10.0,10.0,5.0,1.1253517471925912e-07
4.3,10.0,10.0,5.0,1.1253517471925912e-07
4.3100000000000005,10.0,10.0,5.0,1.1253517471925912e-07
4.32,10.0,10.0,5.0,1.1253517471925912e-07
4.33,10.0,10.0,5.0,1.1253517471925912e-07
4.34,10.0,10.0,5.0,1.1253517471925912e-07
4.3500000000000005,10.0,10.0,5.0,1.1253517471925912e-07
4.36,10.0,10.0,5.0,1.1253517471925912e-07
4.37,10.0,10.0,5.0,1.1253517471925912e-07
4.38,10.0,10.0,5.0,1.1253517471925912e-07
4.39,10.0,10.0,5.0,1.1253517471925912e-07
4.4,10.0,10.0,5.0,1.1253517471925912e-07
4.41,10.0,10.0,5.0,1.1253517471925912e-07
4.42,10.0,10.0,5.0,1.1253517471925912e-07
4.43,10.0,10.0,5.0,1.1253517471925912e-07
4.44,10.0,10.0,5.0,1.1253517471925912e-07
4.45,10.0,10.0,5.0,1.1253517471925912e-07
4.46,10.0,10.0,5.0,1.1253517471925912e-07
4.47,10.0,10.0,5.0,1.1253517471925912e-07
4.48,10.0,10.0,5.0,1.1253517471925912e-07
4.49,10.0,10.0,5.0,1.1253517471925912e-07
4.5,10.0,10.0,5.0,1.1253517471925912e-07
4.51,10.0,10.0,5.0,1.1253517471925912e-07
4.5200000000000005,10.0,10.0,5.0,1.1253517471925912e-07
4.53,10.0,10.0,5.0,1.1253517471925912e-07
4.54,10.0,10.0,5.0,1.1253517471925912e-07
4.55,10.0,10.0,5.0,1.1253517471925912e-07
4.5600000000000005,10.0,10.0,5.0,1.1253517471925912e-07
4.57,10.0,10.0,5.0,1.1253517471925912e-07
4.58,10.0,10.0,5.0,1.1253517471925912e-07
4.59,10.0,10.0,5.0,1.1253517471925912e-07
4.6000000000000005,10.0,10.0,5.0,1.1253517471925912e-07
4.61,10.0,10.0,5.0,1.1253517471925912e-07
4.62,10.0,10.0,5.0,1.1253517471925912e-07
4.63,10.0,10.0,5.0,1.1253517471925912e-07
4.64,10.0,10.0,5.0,1.1253517471925912e-07
4.65,10.0,10.0,5.0,1.1253517471925912e-07
4.66,10.0,10.0,5.0,1.1253517471925912e-07
4.67,10.0,10.0,5.0,1.1253517471925912e-07
4.68,10.0,10.0,5.0,1.1253517471925912e-07
4.69,10.0,10.0,5.0,1.1253517471925912e-07
4.7,10.0,10.0,5.0,1.1253517471925912e-07
4.71,10.0,10.0,5.0,1.1253517471925912e-07
4.72,10.0,10.0,5.0,1.1253517471925912e-07
4.73,10.0,10.0,5.0,1.1253517471925912e-07
4.74,10.0,10.0,5.0,1.1253517471925912e-07
4.75,10.0,10.0,5.0,1.1253517471925912e-07
4.76,10.0,10.0,5.0,1.1253517471925912e-07
4.7700000000000005,10.0,10.0,5.0,1.1253517471925912e-07
4.78,10.0,10.0,5.0,1.1253517471925912e-07
4.79,10.0,10.0,5.0,1.1253517471925912e-07
4.8,10.0,10.0,5.0,1.1253517471925912e-07
4.8100000000000005,10.0,10.0,5.0,1.1253517471925912e-07
4.82,10.0,10.0,5.0,1.1253517471925912e-07
4.83,10.0,10.0,5.0,1.1253517471925912e-07
4.84,10.0,10.0,5.0,1.1253517471925912e-07
4.8500000000000005,10.0,10.0,5.0,1.1253517471925912e-07
4.86,10.0,10.0,5.0,1.1253517471925912e-07
4.87,10.0,10.0,5.0,1.1253517471925912e-07
4.88,10.0,10.0,5.0,1.1253517471925912e-07
4.89,10.0,10.0,5.0,1.1253517471925912e-07
4.9,10.0,10.0,5.0,1.1253517471925912e-07
4.91,10.0,10.0,5.0,1.1253517471925912e-07
4.92,10.0,10.0,5.0,1.1253517471925912e-07
4.93,10.0,10.0,5.0,1.1253517471925912e-07
4.94,10.0,10.0,5.0,1.1253517471925912e-07
4.95,10.0,10.0,5.0,1.1253517471925912e-07
4.96,10.0,10.0,5.0,1.1253517471925912e-07
4.97,10.0,10.0,5.0,1.1253517471925912e-07
4.98,10.0,10.0,5.0,1.1253517471925912e-07
4.99,10.0,10.0,5.0,1.1253517471925912e-07
5.0,10.0,10.0,5.0,1.1253517471925912e-07
5.01,10.0,10.0,5.0,1.1253517471925912e-07
5.0200000000000005,10.0,10.0,5.0,1.1253517471925912e-07
5.03,10.0,10.0,5.0,1.1253517471925912e-07
5.04,10.0,10.0,5.0,1.1253517471925912e-07
5.05,10.0,10.0,5.0,1.1253517471925912e-07
5.0600000000000005,10.0,10.0,5.0,1.1253517471925912e-07
5.07,10.0,10.0,5.0,1.1253517471925912e-07
5.08,10.0,10.0,5.0,1.1253517471925912e-07
5.09,10.0,10.0,5.0,1.1253517471925912e-07
5.1000000000000005,10.0,10.0,5.0,1.1253517471925912e-07
5.11,10.0,10.0,5.0,1.1253517471925912e-07
5.12,10.0,10.0,5.0,1.1253517471925912e-07
5.13,10.0,10.0,5.0,1.1253517471925912e-07
5.14,10.0,10.0,5.0,1.1253517471925912e-07
5.15,10.0,10.0,5.0,1.1253517471925912e-07
5.16,10.0,10.0,5.0,1.1253517471925912e-07
5.17,10.0,10.0,5.0,1.1253517471925912e-07
5.18,10.0,10.0,5.0,1.1253517471925912e-07
5.19,10.0,10.0,5.0,1.1253517471925912e-07
5.2,10.0,10.0,5.0,1.1253517471925912e-07
5.21,10.0,10.0,5.0,1.1253517471925912e-07
5.22,10.0,10.0,5.0,1.1253517471925912e-07
5.23,10.0,10.0,5.0,1.1253517471925912e-07
5.24,10.0,10.0,5.0,1.1253517471925912e-07
5.25,10.0,10.0,5.0,1.1253517471925912e-07
5.26,10.0,10.0,5.0,1.1253517471925912e-07
5.2700000000000005,10.0,10.0,5.0,1.1253517471925912e-07
5.28,10.0,10.0,5.0,1.1253517471925912e-07
5.29,10.0,10.0,5.0,1.1253517471925912e-07
5.3,10.0,10.0,5.0,1.1253517471925912e-07
5.3100000000000005,10.0,10.0,5.0,1.1253517471925912e-07
5.32,10.0,10.0,5.0,1.1253517471925912e-07
5.33,10.0,10.0,5.0,1.1253517471925912e-07
5.34,10.0,10.0,5.0,1.1253517471925912e-07
5.3500000000000005,10.0,10.0,5.0,1.1253517471925912e-07
5.36,10.0,10.0,5.0,1.1253517471925912e-07
5.37,10.0,10.0,5.0,1.1253517471925912e-07
5.38,10.0,10.0,5.0,1.1253517471925912e-07
5.39,10.0,10.0,5.0,1.1253517471925912e-07
5.4,10.0,10.0,5.0,1.1253517471925912e-07
5.41,10.0,10.0,5.0,1.1253517471925912e-07
5.42,10.0,10.0,5.0,1.1253517471925912e-07
5.43,10.0,10.0,5.0,1.1253517471925912e-07
5.44,10.0,10.0,5.0,1.1253517471925912e-07
5.45,10.0,10.0,5.0,1.1253517471925912e-07
5.46,10.0,10.0,5.0,1.1253517471925912e-07
5.47,10.0,10.0,5.0,1.1253517471925912e-07
5.48,10.0,10.0,5.0,1.1253517471925912e-07
5.49,10.0,10.0,5.0,1.1253517471925912e-07
5.5,10.0,10.0,5.0,1.1253517471925912e-07
5.51,10.0,10.0,5.0,1.1253517471925912e-07
5.5200000000000005,10.0,10.0,5.0,1.1253517471925912e-07
5.53,10.0,10.0,5.0,1.1253517471925912e-07
5.54,10.0,10.0,5.0,1.1253517471925912e-07
5.55,10.0,10.0,5.0,1.1253517471925912e-07
5.5600000000000005,10.0,10.0,5.0,1.1253517471925912e-07
5.57,10.0,10.0,5.0,1.1253517471925912e-07
5.58,10.0,10.0,5.0,1.1253517471925912e-07
5.59,10.0,10.0,5.0,1.1253517471925912e-07
5.6000000000000005,10.0,10.0,5.0,1.1253517471925912e-07
5.61,10.0,10.0,5.0,1.1253517471925912e-07
5.62,10.0,10.0,5.0,1.1253517471925912e-07
5.63,10.0,10.0,5.0,1.1253517471925912e-07
5.64,10.0,10.0,5.0,1.1253517471925912e-07
5.65,10.0,10.0,5.0,1.1253517471925912e-07
5.66,10.0,10.0,5.0,1.1253517471925912e-07
5.67,10.0,10.0,5.0,1.1253517471925912e-07
5.68,10.0,10.0,5.0,1.1253517471925912e-07
5.69,10.0,10.0,5.0,1.1253517471925912e-07
5.7,10.0,10.0,5.0,1.1253517471925912e-07
5.71,10.0,10.0,5.0,1.1253517471925912e-07
5.72,10.0,10.0,5.0,1.1253517471925912e-07
5.73,10.0,10.0,5.0,1.1253517471925912e-07
5.74,10.0,10.0,5.0,1.1253517471925912e-07
5.75,10.0,10.0,5.0,1.1253517471925912e-07
5.76,10.0,10.0,5.0,1.1253517471925912e-07
5.7700000000000005,10.0,10.0,5.0,1.1253517471925912e-07
5.78,10.0,10.0,5.0,1.1253517471925912e-07
5.79,10.0,10.0,5.0,1.1253517471925912e-07
5.8,10.0,10.0,5.0,1.1253517471925912e-07
5.8100000000000005,10.0,10.0,5.0,1.1253517471925912e-07
5.82,10.0,10.0,5.0,1.1253517471925912e-07
5.83,10.0,10.0,5.0,1.1253517471925912e-07
5.84,10.0,10.0,5.0,1.1253517471925912e-07
5.8500000000000005,10.0,10.0,5.0,1.1253517471925912e-07
5.86,10.0,10.0,5.0,1.1253517471925912e-07
5.87,10.0,10.0,5.0,1.1253517471925912e-07
5.88,10.0,10.0,5.0,1.1253517471925912e-07
5.89,10.0,10.0,5.0,1.1253517471925912e-07
5.9,10.0,10.0,5.0,1.1253517471925912e-07
5.91,10.0,10.0,5.0,1.1253517471925912e-07
5.92,10.0,10.0,5.0,1.1253517471925912e-07
5.93,10.0,10.0,5.0,1.1253517471925912e-07
5.94,10.0,10.0,5.0,1.1253517471925912e-07
5.95,10.0,10.0,5.0,1.1253517471925912e-07
5.96,10.0,10.0,5.0,1.1253517471925912e-07
5.97,10.0,10.0,5.0,1.1253517471925912e-07
5.98,10.0,10.0,5.0,1.1253517471925912e-07
5.99,10.0,10.0,5.0,1.1253517471925912e-07
6.0,10.0,10.0,5.0,1.1253517471925912e-07
6.01,10.0,10.0,5.0,1.1253517471925912e-07
6.0200000000000005,10.0,10.0,5.0,1.1253517471925912e-07
6.03,10.0,10.0,5.0,1.1253517471925912e-07
6.04,10.0,10.0,5.0,1.1253517471925912e-07
6.05,10.0,10.0,5.0,1.1253517471925912e-07
6.0600000000000005,10.0,10.0,5.0,1.1253517471925912e-07
6.07,10.0,10.0,5.0,1.1253517471925912e-07
6.08,10.0,10.0,5.0,1.1253517471925912e-07
6.09,10.0,10.0,5.0,1.1253517471925912e-07
6.1000000000000005,10.0,10.0,5.0,1.1253517471925912e-07
6.11,10.0,10.0,5.0,1.1253517471925912e-07
6.12,10.0,10.0,5.0,1.1253517471925912e-07
6.13,10.0,10.0,5.0,1.1253517471925912e-07
6.140000000000001,10.0,10.0,5.0,1.1253517471925912e-07
6.15,10.0,10.0,5.0,1.1253517471925912e-07
6.16,10.0,10.0,5.0,1.1253517471925912e-07
6.17,10.0,10.0,5.0,1.1253517471925912e-07
6.18,10.0,10.0,5.0,1.1253517471925912e-07
6.19,10.0,10.0,5.0,1.1253517471925912e-07
6.2,10.0,10.0,5.0,1.1253517471925912e-07
6.21,10.0,10.0,5.0,1.1253517471925912e-07
6.22,10.0,10.0,5.0,1.1253517471925912e-07
6.23,10.0,10.0,5.0,1.1253517471925912e-07
6.24,10.0,10.0,5.0,1.1253517471925912e-07
6.25,10.0,10.0,5.0,1.1253517471925912e-07
6.26,10.0,10.0,5.0,1.1253517471925912e-07
6.2700000000000005,10.0,10.0,5.0,1.1253517471925912e-07
6.28,10.0,10.0,5.0,1.1253517471925912e-07
6.29,10.0,10.0,5.0,1.1253517471925912e-07
6.3,10.0,10.0,5.0,1.1253517471925912e-07
6.3100000000000005,10.0,10.0,5.0,1.1253517471925912e-07
6.32,10.0,10.0,5.0,1.1253517471925912e-07
6.33,10.0,10.0,5.0,1.1253517471925912e-07
6.34,10.0,10.0,5.0,1.1253517471925912e-07
6.3500000000000005,10.0,10.0,5.0,1.1253517471925912e-07
6.36,10.0,10.0,5.0,1.1253517471925912e-07
6.37,10.0,10.0,5.0,1.1253517471925912e-07
6.38,10.0,10.0,5.0,1.1253517471925912e-07
6.390000000000001,10.0,10.0,5.0,1.1253517471925912e-07
6.4,10.0,10.0,5.0,1.1253517471925912e-07
6.41,10.0,10.0,5.0,1.1253517471925912e-07
6.42,10.0,10.0,5.0,1.1253517471925912e-07
6.43,10.0,10.0,5.0,1.1253517471925912e-07
6.44,10.0,10.0,5.0,1.1253517471925912e-07
6.45,10.0,10.0,5.0,1.1253517471925912e-07
6.46,10.0,10.0,5.0,1.1253517471925912e-07
6.47,10.0,10.0,5.0,1.1253517471925912e-07
6.48,10.0,10.0,5.0,1.1253517471925912e-07
6.49,10.0,10.0,5.0,1.1253517471925912e-07
6.5,10.0,10.0,5.0,1.1253517471925912e-07
6.51,10.0,10.0,5.0,1.1253517471925912e-07
6.5200000000000005,10.0,10.0,5.0,1.1253517471925912e-07
6.53,10.0,10.0,5.0,1.1253517471925912e-07
6.54,10.0,10.0,5.0,1.1253517471925912e-07
6.55,10.0,10.0,5.0,1.1253517471925912e-07
6.5600000000000005,10.0,10.0,5.0,1.1253517471925912e-07
6.57,10.0,10.0,5.0,1.1253517471925912e-07
6.58,10.0,10.0,5.0,1.1253517471925912e-07
6.59,10.0,10.0,5.0,1.1253517471925912e-07
6.6000000000000005,10.0,10.0,5.0,1.1253517471925912e-07
6.61,10.0,10.0,5.0,1.1253517471925912e-07
6.62,10.0,10.0,5.0,1.1253517471925912e-07
6.63,10.0,10.0,5.0,1.1253517471925912e-07
6.640000000000001,10.0,10.0,5.0,1.1253517471925912e-07
6.65,10.0,10.0,5.0,1.1253517471925912e-07
6.66,10.0,10.0,5.0,1.1253517471925912e-07
6.67,10.0,10.0,5.0,1.1253517471925912e-07
6.68,10.0,10.0,5.0,1.1253517471925912e-07
6.69,10.0,10.0,5.0,1.1253517471925912e-07
6.7,10.0,10.0,5.0,1.1253517471925912e-07
6.71,10.0,10.0,5.0,1.1253517471925912e-07
6.72,10.0,10.0,5.0,1.1253517471925912e-07
6.73,10.0,10.0,5.0,1.1253517471925912e-07
6.74,10.0,10.0,5.0,1.1253517471925912e-07
6.75,10.0,10.0,5.0,1.1253517471925912e-07
6.76,10.0,10.0,5.0,1.1253517471925912e-07
6.7700000000000005,10.0,10.0,5.0,1.1253517471925912e-07
6.78,10.0,10.0,5.0,1.1253517471925912e-07
6.79,10.0,10.0,5.0,1.1253517471925912e-07
6.8,10.0,10.0,5.0,1.1253517471925912e-07
6.8100000000000005,10.0,10.0,5.0,1.1253517471925912e-07
6.82,10.0,10.0,5.0,1.1253517471925912e-07
6.83,10.0,10.0,5.0,1.1253517471925912e-07
6.84,10.0,10.0,5.0,1.1253517471925912e-07
6.8500000000000005,10.0,10.0,5.0,1.1253517471925912e-07
6.86,10.0,10.0,5.0,1.1253517471925912e-07
6.87,10.0,10.0,5.0,1.1253517471925912e-07
6.88,10.0,10.0,5.0,1.1253517471925912e-07
6.890000000000001,10.0,10.0,5.0,1.1253517471925912e-07
6.9,10.0,10.0,5.0,1.1253517471925912e-07
6.91,10.0,10.0,5.0,1.1253517471925912e-07
6.92,10.0,10.0,5.0,1.1253517471925912e-07
6.93,10.0,10.0,5.0,1.1253517471925912e-07
6.94,10.0,10.0,5.0,1.1253517471925912e-07
6.95,10.0,10.0,5.0,1.1253517471925912e-07
6.96,10.0,10.0,5.0,1.1253517471925912e-07
6.97,10.0,10.0,5.0,1.1253517471925912e-07
6.98,10.0,10.0,5.0,1.1253517471925912e-07
6.99,10.0,10.0,5.0,1.1253517471925912e-07
7.0,10.0,10.0,5.0,1.1253517471925912e-07
7.01,10.0,10.0,5.0,1.1253517471925912e-07
7.0200000000000005,10.0,10.0,5.0,1.1253517471925912e-07
7.03,10.0,10.0,5.0,1.1253517471925912e-07
7.04,10.0,10.0,5.0,1.1253517471925912e-07
7.05,10.0,10.0,5.0,1.1253517471925912e-07
7.0600000000000005,10.0,10.0,5.0,1.1253517471925912e-07
7.07,10.0,10.0,5.0,1.1253517471925912e-07
7.08,10.0,10.0,5.0,1.1253517471925912e-07
7.09,10.0,10.0,5.0,1.1253517471925912e-07
7.1000000000000005,10.0,10.0,5.0,1.1253517471925912e-07
7.11,10.0,10.0,5.0,1.1253517471925912e-07
7.12,10.0,10.0,5.0,1.1253517471925912e-07
7.13,10.0,10.0,5.0,1.1253517471925912e-07
7.140000000000001,10.0,10.0,5.0,1.1253517471925912e-07
7.15,10.0,10.0,5.0,1.1253517471925912e-07
7.16,10.0,10.0,5.0,1.1253517471925912e-07
7.17,10.0,10.0,5.0,1.1253517471925912e-07
7.18,10.0,10.0,5.0,1.1253517471925912e-07
7.19,10.0,10.0,5.0,1.1253517471925912e-07
7.2,10.0,10.0,5.0,1.1253517471925912e-07
7.21,10.0,10.0,5.0,1.1253517471925912e-07
7.22,10.0,10.0,5.0,1.1253517471925912e-07
7.23,10.0,10.0,5.0,1.1253517471925912e-07
7.24,10.0,10.0,5.0,1.1253517471925912e-07
7.25,10.0,10.0,5.0,1.1253517471925912e-07
7.26,10.0,10.0,5.0,1.1253517471925912e-07
7.2700000000000005,10.0,10.0,5.0,1.1253517471925912e-07
7.28,10.0,10.0,5.0,1.1253517471925912e-07
7.29,10.0,10.0,5.0,1.1253517471925912e-07
7.3,10.0,10.0,5.0,1.1253517471925912e-07
7.3100000000000005,10.0,10.0,5.0,1.1253517471925912e-07
7.32,10.0,10.0,5.0,1.1253517471925912e-07
7.33,10.0,10.0,5.0,1.1253517471925912e-07
7.34,10.0,10.0,5.0,1.1253517471925912e-07
7.3500000000000005,10.0,10.0,5.0,1.1253517471925912e-07
7.36,10.0,10.0,5.0,1.1253517471925912e-07
7.37,10.0,10.0,5.0,1.1253517471925912e-07
7.38,10.0,10.0,5.0,1.1253517471925912e-07
7.390000000000001,10.0,10.0,5.0,1.1253517471925912e-07
7.4,10.0,10.0,5.0,1.1253517471925912e-07
7.41,10.0,10.0,5.0,1.1253517471925912e-07
7.42,10.0,10.0,5.0,1.1253517471925912e-07
7.43,10.0,10.0,5.0,1.1253517471925912e-07
7.44,10.0,10.0,5.0,1.1253517471925912e-07
7.45,10.0,10.0,5.0,1.1253517471925912e-07
7.46,10.0,10.0,5.0,1.1253517471925912e-07
7.47,10.0,10.0,5.0,1.1253517471925912e-07
7.48,10.0,10.0,5.0,1.1253517471925912e-07
7.49,10.0,10.0,5.0,1.1253517471925912e-07
7.5,10.0,10.0,5.0,1.1253517471925912e-07
7.51,10.0,10.0,5.0,1.1253517471925912e-07
7.5200000000000005,10.0,10.0,5.0,1.1253517471925912e-07
7.53,10.0,10.0,5.0,1.1253517471925912e-07
7.54,10.0,10.0,5.0,1.1253517471925912e-07
7.55,10.0,10.0,5.0,1.1253517471925912e-07
7.5600000000000005,10.0,10.0,5.0,1.1253517471925912e-07
7.57,10.0,10.0,5.0,1.1253517471925912e-07
7.58,10.0,10.0,5.0,1.1253517471925912e-07
7.59,10.0,10.0,5.0,1.1253517471925912e-07
7.6000000000000005,10.0,10.0,5.0,1.1253517471925912e-07
7.61,10.0,10.0,5.0,1.1253517471925912e-07
7.62,10.0,10.0,5.0,1.1253517471925912e-07
7.63,10.0,10.0,5.0,1.1253517471925912e-07
7.640000000000001,10.0,10.0,5.0,1.1253517471925912e-07
7.65,10.0,10.0,5.0,1.1253517471925912e-07
7.66,10.0,10.0,5.0,1.1253517471925912e-07
7.67,10.0,10.0,5.0,1.1253517471925912e-07
7.68,10.0,10.0,5.0,1.1253517471925912e-07
7.69,10.0,10.0,5.0,1.1253517471925912e-07
7.7,10.0,10.0,5.0,1.1253517471925912e-07
7.71,10.0,10.0,5.0,1.1253517471925912e-07
7.72,10.0,10.0,5.0,1.1253517471925912e-07
7.73,10.0,10.0,5.0,1.1253517471925912e-07
7.74,10.0,10.0,5.0,1.1253517471925912e-07
7.75,10.0,10.0,5.0,1.1253517471925912e-07
7.76,10.0,10.0,5.0,1.1253517471925912e-07
7.7700000000000005,10.0,10.0,5.0,1.1253517471925912e-07
7.78,10.0,10.0,5.0,1.1253517471925912e-07
7.79,10.0,10.0,5.0,1.1253517471925912e-07
7.8,10.0,10.0,5.0,1.1253517471925912e-07
7.8100000000000005,10.0,10.0,5.0,1.1253517471925912e-07
7.82,10.0,10.0,5.0,1.1253517471925912e-07
7.83,10.0,10.0,5.0,1.1253517471925912e-07
7.84,10.0,10.0,5.0,1.1253517471925912e-07
7.8500000000000005,10.0,10.0,5.0,1.1253517471925912e-07
7.86,10.0,10.0,5.0,1.1253517471925912e-07
7.87,10.0,10.0,5.0,1.1253517471925912e-07
7.88,10.0,10.0,5.0,1.1253517471925912e-07
7.890000000000001,10.0,10.0,5.0,1.1253517471925912e-07
7.9,10.0,10.0,5.0,1.1253517471925912e-07
7.91,10.0,10.0,5.0,1.1253517471925912e-07
7.92,10.0,10.0,5.0,1.1253517471925912e-07
7.930000000000001,10.0,10.0,5.0,1.1253517471925912e-07
7.94,10.0,10.0,5.0,1.1253517471925912e-07
7.95,10.0,10.0,5.0,1.1253517471925912e-07
7.96,10.0,10.0,5.0,1.1253517471925912e-07
7.97,10.0,10.0,5.0,1.1253517471925912e-07
7.98,10.0,10.0,5.0,1.1253517471925912e-07
7.99,10.0,10.0,5.0,1.1253517471925912e-07
8.0,10.0,10.0,5.0,1.1253517471925912e-07
8.01,10.0,10.0,5.0,1.1253517471925912e-07
8.02,10.0,10.0,5.0,1.1253517471925912e-07
8.03,10.0,10.0,5.0,1.1253517471925912e-07
8.040000000000001,10.0,10.0,5.0,1.1253517471925912e-07
8.05,10.0,10.0,5.0,1.1253517471925912e-07
8.06,10.0,10.0,5.0,1.1253517471925912e-07
8.07,10.0,10.0,5.0,1.1253517471925912e-07
8.08,10.0,10.0,5.0,1.1253517471925912e-07
8.09,10.0,10.0,5.0,1.1253517471925912e-07
8.1,10.0,10.0,5.0,1.1253517471925912e-07
8.11,10.0,10.0,5.0,1.1253517471925912e-07
8.120000000000001,10.0,10.0,5.0,1.1253517471925912e-07
8.13,10.0,10.0,5.0,1.1253517471925912e-07
8.14,10.0,10.0,5.0,1.1253517471925912e-07
8.15,10.0,10.0,5.0,1.1253517471925912e-07
8.16,10.0,10.0,5.0,1.1253517471925912e-07
8.17,10.0,10.0,5.0,1.1253517471925912e-07
8.18,10.0,10.0,5.0,1.1253517471925912e-07
8.19,10.0,10.0,5.0,1.1253517471925912e-07
8.2,10.0,10.0,5.0,1.1253517471925912e-07
8.21,10.0,10.0,5.0,1.1253517471925912e-07
8.22,10.0,10.0,5.0,1.1253517471925912e-07
8.23,10.0,10.0,5.0,1.1253517471925912e-07
8.24,10.0,10.0,5.0,1.1253517471925912e-07
8.25,10.0,10.0,5.0,1.1253517471925912e-07
8.26,10.0,10.0,5.0,1.1253517471925912e-07
8.27,10.0,10.0,5.0,1.1253517471925912e-07
8.28,10.0,10.0,5.0,1.1253517471925912e-07
8.290000000000001,10.0,10.0,5.0,1.1253517471925912e-07
8.3,10.0,10.0,5.0,1.1253517471925912e-07
8.31,10.0,10.0,5.0,1.1253517471925912e-07
8.32,10.0,10.0,5.0,1.1253517471925912e-07
8.33,10.0,10.0,5.0,1.1253517471925912e-07
8.34,10.0,10.0,5.0,1.1253517471925912e-07
8.35,10.0,10.0,5.0,1.1253517471925912e-07
8.36,10.0,10.0,5.0,1.1253517471925912e-07
8.370000000000001,10.0,10.0,5.0,1.1253517471925912e-07
8.38,10.0,10.0,5.0,1.1253517471925912e-07
8.39,10.0,10.0,5.0,1.1253517471925912e-07
8.4,10.0,10.0,5.0,1.1253517471925912e-07
8.41,10.0,10.0,5.0,1.1253517471925912e-07
8.42,10.0,10.0,5.0,1.1253517471925912e-07
8.43,10.0,10.0,5.0,1.1253517471925912e-07
8.44,10.0,10.0,5.0,1.1253517471925912e-07
8.45,10.0,10.0,5.0,1.1253517471925912e-07
8.46,10.0,10.0,5.0,1.1253517471925912e-07
8.47,10.0,10.0,5.0,1.1253517471925912e-07
8.48,10.0,10.0,5.0,1.1253517471925912e-07
8.49,10.0,10.0,5.0,1.1253517471925912e-07
8.5,10.0,10.0,5.0,1.1253517471925912e-07
8.51,10.0,10.0,5.0,1.1253517471925912e-07
8.52,10.0,10.0,5.0,1.1253517471925912e-07
8.53,10.0,10.0,5.0,1.1253517471925912e-07
8.540000000000001,10.0,10.0,5.0,1.1253517471925912e-07
8.55,10.0,10.0,5.0,1.1253517471925912e-07
8.56,10.0,10.0,5.0,1.1253517471925912e-07
8.57,10.0,10.0,5.0,1.1253517471925912e-07
8.58,10.0,10.0,5.0,1.1253517471925912e-07
8.59,10.0,10.0,5.0,1.1253517471925912e-07
8.6,10.0,10.0,5.0,1.1253517471925912e-07
8.61,10.0,10.0,5.0,1.1253517471925912e-07
8.620000000000001,10.0,10.0,5.0,1.1253517471925912e-07
8.63,10.0,10.0,5.0,1.1253517471925912e-07
8.64,10.0,10.0,5.0,1.1253517471925912e-07
8.65,10.0,10.0,5.0,1.1253517471925912e-07
8.66,10.0,10.0,5.0,1.1253517471925912e-07
8.67,10.0,10.0,5.0,1.1253517471925912e-07
8.68,10.0,10.0,5.0,1.1253517471925912e-07
8.69,10.0,10.0,5.0,1.1253517471925912e-07
8.700000000000001,10.0,10.0,5.0,1.1253517471925912e-07
8.71,10.0,10.0,5.0,1.1253517471925912e-07
8.72,10.0,10.0,5.0,1.1253517471925912e-07
8.73,10.0,10.0,5.0,1.1253517471925912e-07
8.74,10.0,10.0,5.0,1.1253517471925912e-07
8.75,10.0,10.0,5.0,1.1253517471925912e-07
8.76,10.0,10.0,5.0,1.1253517471925912e-07
8.77,10.0,10.0,5.0,1.1253517471925912e-07
8.78,10.0,10.0,5.0,1.1253517471925912e-07
8.790000000000001,10.0,10.0,5.0,1.1253517471925912e-07
8.8,10.0,10.0,5.0,1.1253517471925912e-07
8.81,10.0,10.0,5.0,1.1253517471925912e-07
8.82,10.0,10.0,5.0,1.1253517471925912e-07
8.83,10.0,10.0,5.0,1.1253517471925912e-07
8.84,10.0,10.0,5.0,1.1253517471925912e-07
8.85,10.0,10.0,5.0,1.1253517471925912e-07
8.86,10.0,10.0,5.0,1.1253517471925912e-07
8.870000000000001,10.0,10.0,5.0,1.1253517471925912e-07
8.88,10.0,10.0,5.0,1.1253517471925912e-07
8.89,10.0,10.0,5.0,1.1253517471925912e-07
8.9,10.0,10.0,5.0,1.1253517471925912e-07
8.91,10.0,10.0,5.0,1.1253517471925912e-07
8.92,10.0,10.0,5.0,1.1253517471925912e-07
8.93,10.0,10.0,5.0,1.1253517471925912e-07
8.94,10.0,10.0,5.0,1.1253517471925912e-07
8.950000000000001,10.0,10.0,5.0,1.1253517471925912e-07
8.96,10.0,10.0,5.0,1.1253517471925912e-07
8.97,10.0,10.0,5.0,1.1253517471925912e-07
8.98,10.0,10.0,5.0,1.1253517471925912e-07
8.99,10.0,10.0,5.0,1.1253517471925912e-07
9.0,10.0,10.0,5.0,1.1253517471925912e-07
9.01,10.0,10.0,5.0,1.1253517471925912e-07
9.02,10.0,10.0,5.0,1.1253517471925912e-07
9.03,10.0,10.0,5.0,1.1253517471925912e-07
9.040000000000001,10.0,10.0,5.0,1.1253517471925912e-07
9.05,10.0,10.0,5.0,1.1253517471925912e-07
9.06,10.0,10.0,5.0,1.1253517471925912e-07
9.07,10.0,10.0,5.0,1.1253517471925912e-07
9.08,10.0,10.0,5.0,1.1253517471925912e-07
9.09,10.0,10.0,5.0,1.1253517471925912e-07
9.1,10.0,10.0,5.0,1.1253517471925912e-07
9.11,10.0,10.0,5.0,1.1253517471925912e-07
9.120000000000001,10.0,10.0,5.0,1.1253517471925912e-07
9.13,10.0,10.0,5.0,1.1253517471925912e-07
9.14,10.0,10.0,5.0,1.1253517471925912e-07
9.15,10.0,10.0,5.0,1.1253517471925912e-07
9.16,10.0,10.0,5.0,1.1253517471925912e-07
9.17,10.0,10.0,5.0,1.1253517471925912e-07
9.18,10.0,10.0,5.0,1.1253517471925912e-07
9.19,10.0,10.0,5.0,1.1253517471925912e-07
9.200000000000001,10.0,10.0,5.0,1.1253517471925912e-07
9.21,10.0,10.0,5.0,1.1253517471925912e-07
9.22,10.0,10.0,5.0,1.1253517471925912e-07
9.23,10.0,10.0,5.0,1.1253517471925912e-07
9.24,10.0,10.0,5.0,1.1253517471925912e-07
9.25,10.0,10.0,5.0,1.1253517471925912e-07
9.26,10.0,10.0,5.0,1.1253517471925912e-07
9.27,10.0,10.0,5.0,1.1253517471925912e-07
9.28,10.0,10.0,5.0,1.1253517471925912e-07
9.290000000000001,10.0,10.0,5.0,1.1253517471925912e-07
9.3,10.0,10.0,5.0,1.1253517471925912e-07
9.31,10.0,10.0,5.0,1.1253517471925912e-07
9.32,10.0,10.0,5.0,1.1253517471925912e-07
9.33,10.0,10.0,5.0,1.1253517471925912e-07
9.34,10.0,10.0,5.0,1.1253517471925912e-07
9.35,10.0,10.0,5.0,1.1253517471925912e-07
9.36,10.0,10.0,5.0,1.1253517471925912e-07
9.370000000000001,10.0,10.0,5.0,1.1253517471925912e-07
9.38,10.0,10.0,5.0,1.1253517471925912e-07
9.39,10.0,10.0,5.0,1.1253517471925912e-07
9.4,10.0,10.0,5.0,1.1253517471925912e-07
9.41,10.0,10.0,5.0,1.1253517471925912e-07
9.42,10.0,10.0,5.0,1.1253517471925912e-07
9.43,10.0,10.0,5.0,1.1253517471925912e-07
9.44,10.0,10.0,5.0,1.1253517471925912e-07
9.450000000000001,10.0,10.0,5.0,1.1253517471925912e-07
9.46,10.0,10.0,5.0,1.1253517471925912e-07
9.47,10.0,10.0,5.0,1.1253517471925912e-07
9.48,10.0,10.0,5.0,1.1253517471925912e-07
9.49,10.0,10.0,5.0,1.1253517471925912e-07
9.5,10.0,10.0,5.0,1.1253517471925912e-07
9.51,10.0,10.0,5.0,1.1253517471925912e-07
9.52,10.0,10.0,5.0,1.1253517471925912e-07
9.53,10.0,10.0,5.0,1.1253517471925912e-07
9.540000000000001,10.0,10.0,5.0,1.1253517471925912e-07
9.55,10.0,10.0,5.0,1.1253517471925912e-07
9.56,10.0,10.0,5.0,1.1253517471925912e-07
9.57,10.0,10.0,5.0,1.1253517471925912e-07
9.58,10.0,10.0,5.0,1.1253517471925912e-07
9.59,10.0,10.0,5.0,1.1253517471925912e-07
9.6,10.0,10.0,5.0,1.1253517471925912e-07
9.61,10.0,10.0,5.0,1.1253517471925912e-07
9.620000000000001,10.0,10.0,5.0,1.1253517471925912e-07
9.63,10.0,10.0,5.0,1.1253517471925912e-07
9.64,10.0,10.0,5.0,1.1253517471925912e-07
9.65,10.0,10.0,5.0,1.1253517471925912e-07
9.66,10.0,10.0,5.0,1.1253517471925912e-07
9.67,10.0,10.0,5.0,1.1253517471925912e-07
9.68,10.0,10.0,5.0,1.1253517471925912e-07
9.69,10.0,10.0,5.0,1.1253517471925912e-07
9.700000000000001,10.0,10.0,5.0,1.1253517471925912e-07
9.71,10.0,10.0,5.0,1.1253517471925912e-07
9.72,10.0,10.0,5.0,1.1253517471925912e-07
9.73,10.0,10.0,5.0,1.1253517471925912e-07
9.74,10.0,10.0,5.0,1.1253517471925912e-07
9.75,10.0,10.0,5.0,1.1253517471925912e-07
9.76,10.0,10.0,5.0,1.1253517471925912e-07
9.77,10.0,10.0,5.0,1.1253517471925912e-07
9.78,10.0,10.0,5.0,1.1253517471925912e-07
9.790000000000001,10.0,10.0,5.0,1.1253517471925912e-07
9.8,10.0,10.0,5.0,1.1253517471925912e-07
9.81,10.0,10.0,5.0,1.1253517471925912e-07
9.82,10.0,10.0,5.0,1.1253517471925912e-07
9.83,10.0,10.0,5.0,1.1253517471925912e-07
9.84,10.0,10.0,5.0,1.1253517471925912e-07
9.85,10.0,10.0,5.0,1.1253517471925912e-07
9.86,10.0,10.0,5.0,1.1253517471925912e-07
9.870000000000001,10.0,10.0,5.0,1.1253517471925912e-07
9.88,10.0,10.0,5.0,1.1253517471925912e-07
9.89,10.0,10.0,5.0,1.1253517471925912e-07
9.9,10.0,10.0,5.0,1.1253517471925912e-07
9.91,10.0,10.0,5.0,1.1253517471925912e-07
9.92,10.0,10.0,5.0,1.1253517471925912e-07
9.93,10.0,10.0,5.0,1.1253517471925912e-07
9.94,10.0,10.0,5.0,1.1253517471925912e-07
9.950000000000001,10.0,10.0,5.0,1.1253517471925912e-07
9.96,10.0,10.0,5.0,1.1253517471925912e-07
9.97,10.0,10.0,5.0,1.1253517471925912e-07
9.98,10.0,10.0,5.0,1.1253517471925912e-07
9.99,10.0,10.0,5.0,1.1253517471925912e-07
10.0,10.0,10.0,5.0,1.1253517471925912e-07
10.01,10.0,10.0,5.0,1.1253517471925912e-07
10.02,10.0,10.0,5.0,1.1253517471925912e-07
10.03,10.0,10.0,5.0,1.1253517471925912e-07
10.040000000000001,10.0,10.0,5.0,1.1253517471925912e-07
10.05,10.0,10.0,5.0,1.1253517471925912e-07
10.06,10.0,10.0,5.0,1.1253517471925912e-07
10.07,10.0,10.0,5.0,1.1253517471925912e-07
10.08,10.0,10.0,5.0,1.1253517471925912e-07
10.09,10.0,10.0,5.0,1.1253517471925912e-07
10.1,10.0,10.0,5.0,1.1253517471925912e-07
10.11,10.0,10.0,5.0,1.1253517471925912e-07
10.120000000000001,10.0,10.0,5.0,1.1253517471925912e-07
10.13,10.0,10.0,5.0,1.1253517471925912e-07
10.14,10.0,10.0,5.0,1.1253517471925912e-07
10.15,10.0,10.0,5.0,1.1253517471925912e-07
10.16,10.0,10.0,5.0,1.1253517471925912e-07
10.17,10.0,10.0,5.0,1.1253517471925912e-07
10.18,10.0,10.0,5.0,1.1253517471925912e-07
10.19,10.0,10.0,5.0,1.1253517471925912e-07
10.200000000000001,10.0,10.0,5.0,1.1253517471925912e-07
10.21,10.0,10.0,5.0,1.1253517471925912e-07
10.22,10.0,10.0,5.0,1.1253517471925912e-07
10.23,10.0,10.0,5.0,1.1253517471925912e-07
10.24,10.0,10.0,5.0,1.1253517471925912e-07
10.25,10.0,10.0,5.0,1.1253517471925912e-07
10.26,10.0,10.0,5.0,1.1253517471925912e-07
10.27,10.0,10.0,5.0,1.1253517471925912e-07
10.28,10.0,10.0,5.0,1.1253517471925912e-07
10.290000000000001,10.0,10.0,5.0,1.1253517471925912e-07
10.3,10.0,10.0,5.0,1.1253517471925912e-07
10.31,10.0,10.0,5.0,1.1253517471925912e-07
10.32,10.0,10.0,5.0,1.1253517471925912e-07
10.33,10.0,10.0,5.0,1.1253517471925912e-07
10.34,10.0,10.0,5.0,1.1253517471925912e-07
10.35,10.0,10.0,5.0,1.1253517471925912e-07
10.36,10.0,10.0,5.0,1.1253517471925912e-07
10.370000000000001,10.0,10.0,5.0,1.1253517471925912e-07
10.38,10.0,10.0,5.0,1.1253517471925912e-07
10.39,10.0,10.0,5.0,1.1253517471925912e-07
10.4,10.0,10.0,5.0,1.1253517471925912e-07
10.41,10.0,10.0,5.0,1.1253517471925912e-07
10.42,10.0,10.0,5.0,1.1253517471925912e-07
10.43,10.0,10.0,5.0,1.1253517471925912e-07
10.44,10.0,10.0,5.0,1.1253517471925912e-07
10.450000000000001,10.0,10.0,5.0,1.1253517471925912e-07
10.46,10.0,10.0,5.0,1.1253517471925912e-07
10.47,10.0,10.0,5.0,1.1253517471925912e-07
10.48,10.0,10.0,5.0,1.1253517471925912e-07
10.49,10.0,10.0,5.0,1.1253517471925912e-07
10.5,10.0,10.0,5.0,1.1253517471925912e-07
10.51,10.0,10.0,5.0,1.1253517471925912e-07
10.52,10.0,10.0,5.0,1.1253517471925912e-07
10.53,10.0,10.0,5.0,1.1253517471925912e-07
10.540000000000001,10.0,10.0,5.0,1.1253517471925912e-07
10.55,10.0,10.0,5.0,1.1253517471925912e-07
10.56,10.0,10.0,5.0,1.1253517471925912e-07
10.57,10.0,10.0,5.0,1.1253517471925912e-07
10.58,10.0,10.0,5.0,1.1253517471925912e-07
10.59,10.0,10.0,5.0,1.1253517471925912e-07
10.6,10.0,10.0,5.0,1.1253517471925912e-07
10.61,10.0,10.0,5.0,1.1253517471925912e-07
10.620000000000001,10.0,10.0,5.0,1.1253517471925912e-07
10.63,10.0,10.0,5.0,1.1253517471925912e-07
10.64,10.0,10.0,5.0,1.1253517471925912e-07
10.65,10.0,10.0,5.0,1.1253517471925912e-07
10.66,10.0,10.0,5.0,1.1253517471925912e-07
10.67,10.0,10.0,5.0,1.1253517471925912e-07
10.68,10.0,10.0,5.0,1.1253517471925912e-07
10.69,10.0,10.0,5.0,1.1253517471925912e-07
10.700000000000001,10.0,10.0,5.0,1.1253517471925912e-07
10.71,10.0,10.0,5.0,1.1253517471925912e-07
10.72,10.0,10.0,5.0,1.1253517471925912e-07
10.73,10.0,10.0,5.0,1.1253517471925912e-07
10.74,10.0,10.0,5.0,1.1253517471925912e-07
10.75,10.0,10.0,5.0,1.1253517471925912e-07
10.76,10.0,10.0,5.0,1.1253517471925912e-07
10.77,10.0,10.0,5.0,1.1253517471925912e-07
10.78,10.0,10.0,5.0,1.1253517471925912e-07
10.790000000000001,10.0,10.0,5.0,1.1253517471925912e-07
10.8,10.0,10.0,5.0,1.1253517471925912e-07
10.81,10.0,10.0,5.0,1.1253517471925912e-07
10.82,10.0,10.0,5.0,1.1253517471925912e-07
10.83,10.0,10.0,5.0,1.1253517471925912e-07
10.84,10.0,10.0,5.0,1.1253517471925912e-07
10.85,10.0,10.0,5.0,1.1253517471925912e-07
10.86,10.0,10.0,5.0,1.1253517471925912e-07
10.870000000000001,10.0,10.0,5.0,1.1253517471925912e-07
10.88,10.0,10.0,5.0,1.1253517471925912e-07
10.89,10.0,10.0,5.0,1.1253517471925912e-07
10.9,10.0,10.0,5.0,1.1253517471925912e-07
10.91,10.0,10.0,5.0,1.1253517471925912e-07
10.92,10.0,10.0,5.0,1.1253517471925912e-07
10.93,10.0,10.0,5.0,1.1253517471925912e-07
10.94,10.0,10.0,5.0,1.1253517471925912e-07
10.950000000000001,10.0,10.0,5.0,1.1253517471925912e-07
10.96,10.0,10.0,5.0,1.1253517471925912e-07
10.97,10.0,10.0,5.0,1.1253517471925912e-07
10.98,10.0,10.0,5.0,1.1253517471925912e-07
10.99,10.0,10.0,5.0,1.1253517471925912e-07
11.0,10.0,10.0,5.0,1.1253517471925912e-07
11.01,10.0,10.0,5.0,1.1253517471925912e-07
11.02,10.0,10.0,5.0,1.1253517471925912e-07
11.03,10.0,10.0,5.0,1.1253517471925912e-07
11.040000000000001,10.0,10.0,5.0,1.1253517471925912e-07
11.05,10.0,10.0,5.0,1.1253517471925912e-07
11.06,10.0,10.0,5.0,1.1253517471925912e-07
11.07,10.0,10.0,5.0,1.1253517471925912e-07
11.08,10.0,10.0,5.0,1.1253517471925912e-07
11.09,10.0,10.0,5.0,1.1253517471925912e-07
11.1,10.0,10.0,5.0,1.1253517471925912e-07
11.11,10.0,10.0,5.0,1.1253517471925912e-07
11.120000000000001,10.0,10.0,5.0,1.1253517471925912e-07
11.13,10.0,10.0,5.0,1.1253517471925912e-07
11.14,10.0,10.0,5.0,1.1253517471925912e-07
11.15,10.0,10.0,5.0,1.1253517471925912e-07
11.16,10.0,10.0,5.0,1.1253517471925912e-07
11.17,10.0,10.0,5.0,1.1253517471925912e-07
11.18,10.0,10.0,5.0,1.1253517471925912e-07
11.19,10.0,10.0,5.0,1.1253517471925912e-07
11.200000000000001,10.0,10.0,5.0,1.1253517471925912e-07
11.21,10.0,10.0,5.0,1.1253517471925912e-07
11.22,10.0,10.0,5.0,1.1253517471925912e-07
11.23,10.0,10.0,5.0,1.1253517471925912e-07
11.24,10.0,10.0,5.0,1.1253517471925912e-07
11.25,10.0,10.0,5.0,1.1253517471925912e-07
11.26,10.0,10.0,5.0,1.1253517471925912e-07
11.27,10.0,10.0,5.0,1.1253517471925912e-07
11.28,10.0,10.0,5.0,1.1253517471925912e-07
11.290000000000001,10.0,10.0,5.0,1.1253517471925912e-07
11.3,10.0,10.0,5.0,1.1253517471925912e-07
11.31,10.0,10.0,5.0,1.1253517471925912e-07
11.32,10.0,10.0,5.0,1.1253517471925912e-07
11.33,10.0,10.0,5.0,1.1253517471925912e-07
11.34,10.0,10.0,5.0,1.1253517471925912e-07
11.35,10.0,10.0,5.0,1.1253517471925912e-07
11.36,10.0,10.0,5.0,1.1253517471925912e-07
11.370000000000001,10.0,10.0,5.0,1.1253517471925912e-07
11.38,10.0,10.0,5.0,1.1253517471925912e-07
11.39,10.0,10.0,5.0,1.1253517471925912e-07
11.4,10.0,10.0,5.0,1.1253517471925912e-07
11.41,10.0,10.0,5.0,1.1253517471925912e-07
11.42,10.0,10.0,5.0,1.1253517471925912e-07
11.43,10.0,10.0,5.0,1.1253517471925912e-07
11.44,10.0,10.0,5.0,1.1253517471925912e-07
11.450000000000001,10.0,10.0,5.0,1.1253517471925912e-07
11.46,10.0,10.0,5.0,1.1253517471925912e-07
11.47,10.0,10.0,5.0,1.1253517471925912e-07
11.48,10.0,10.0,5.0,1.1253517471925912e-07
11.49,10.0,10.0,5.0,1.1253517471925912e-07
11.5,10.0,10.0,5.0,1.1253517471925912e-07
11.51,10.0,10.0,5.0,1.1253517471925912e-07
11.52,10.0,10.0,5.0,1.1253517471925912e-07
11.53,10.0,10.0,5.0,1.1253517471925912e-07
11.540000000000001,10.0,10.0,5.0,1.1253517471925912e-07
11.55,10.0,10.0,5.0,1.1253517471925912e-07
11.56,10.0,10.0,5.0,1.1253517471925912e-07
11.57,10.0,10.0,5.0,1.1253517471925912e-07
11.58,10.0,10.0,5.0,1.1253517471925912e-07
11.59,10.0,10.0,5.0,1.1253517471925912e-07
11.6,10.0,10.0,5.0,1.1253517471925912e-07
11.61,10.0,10.0,5.0,1.1253517471925912e-07
11.620000000000001,10.0,10.0,5.0,1.1253517471925912e-07
11.63,10.0,10.0,5.0,1.1253517471925912e-07
11.64,10.0,10.0,5.0,1.1253517471925912e-07
11.65,10.0,10.0,5.0,1.1253517471925912e-07
11.66,10.0,10.0,5.0,1.1253517471925912e-07
11.67,10.0,10.0,5.0,1.1253517471925912e-07
11.68,10.0,10.0,5.0,1.1253517471925912e-07
11.69,10.0,10.0,5.0,1.1253517471925912e-07
11.700000000000001,10.0,10.0,5.0,1.1253517471925912e-07
11.71,10.0,10.0,5.0,1.1253517471925912e-07
11.72,10.0,10.0,5.0,1.1253517471925912e-07
11.73,10.0,10.0,5.0,1.1253517471925912e-07
11.74,10.0,10.0,5.0,1.1253517471925912e-07
11.75,10.0,10.0,5.0,1.1253517471925912e-07
11.76,10.0,10.0,5.0,1.1253517471925912e-07
11.77,10.0,10.0,5.0,1.1253517471925912e-07
11.78,10.0,10.0,5.0,1.1253517471925912e-07
11.790000000000001,10.0,10.0,5.0,1.1253517471925912e-07
11.8,10.0,10.0,5.0,1.1253517471925912e-07
11.81,10.0,10.0,5.0,1.1253517471925912e-07
11.82,10.0,10.0,5.0,1.1253517471925912e-07
11.83,10.0,10.0,5.0,1.1253517471925912e-07
11.84,10.0,10.0,5.0,1.1253517471925912e-07
11.85,10.0,10.0,5.0,1.1253517471925912e-07
11.86,10.0,10.0,5.0,1.1253517471925912e-07
11.870000000000001,10.0,10.0,5.0,1.1253517471925912e-07
11.88,10.0,10.0,5.0,1.1253517471925912e-07
11.89,10.0,10.0,5.0,1.1253517471925912e-07
11.9,10.0,10.0,5.0,1.1253517471925912e-07
11.91,10.0,10.0,5.0,1.1253517471925912e-07
11.92,10.0,10.0,5.0,1.1253517471925912e-07
11.93,10.0,10.0,5.0,1.1253517471925912e-07
11.94,10.0,10.0,5.0,1.1253517471925912e-07
11.950000000000001,10.0,10.0,5.0,1.1253517471925912e-07
11.96,10.0,10.0,5.0,1.1253517471925912e-07
11.97,10.0,10.0,5.0,1.1253517471925912e-07
11.98,10.0,10.0,5.0,1.1253517471925912e-07
11.99,10.0,10.0,5.0,1.1253517471925912e-07
12.0,10.0,10.0,5.0,1.1253517471925912e-07
12.01,10.0,10.0,5.0,1.1253517471925912e-07
12.02,10.0,10.0,5.0,1.1253517471925912e-07
12.030000000000001,10.0,10.0,5.0,1.1253517471925912e-07
12.040000000000001,10.0,10.0,5.0,1.1253517471925912e-07
12.05,10.0,10.0,5.0,1.1253517471925912e-07
12.06,10.0,10.0,5.0,1.1253517471925912e-07
12.07,10.0,10.0,5.0,1.1253517471925912e-07
12.08,10.0,10.0,5.0,1.1253517471925912e-07
12.09,10.0,10.0,5.0,1.1253517471925912e-07
12.1,10.0,10.0,5.0,1.1253517471925912e-07
12.11,10.0,10.0,5.0,1.1253517471925912e-07
12.120000000000001,10.0,10.0,5.0,1.1253517471925912e-07
12.13,10.0,10.0,5.0,1.1253517471925912e-07
12.14,10.0,10.0,5.0,1.1253517471925912e-07
12.15,10.0,10.0,5.0,1.1253517471925912e-07
12.16,10.0,10.0,5.0,1.1253517471925912e-07
12.17,10.0,10.0,5.0,1.1253517471925912e-07
12.18,10.0,10.0,5.0,1.1253517471925912e-07
12.19,10.0,10.0,5.0,1.1253517471925912e-07
12.200000000000001,10.0,10.0,5.0,1.1253517471925912e-07
12.21,10.0,10.0,5.0,1.1253517471925912e-07
12.22,10.0,10.0,5.0,1.1253517471925912e-07
12.23,10.0,10.0,5.0,1.1253517471925912e-07
12.24,10.0,10.0,5.0,1.1253517471925912e-07
12.25,10.0,10.0,5.0,1.1253517471925912e-07
12.26,10.0,10.0,5.0,1.1253517471925912e-07
12.27,10.0,10.0,5.0,1.1253517471925912e-07
12.280000000000001,10.0,10.0,5.0,1.1253517471925912e-07
12.290000000000001,10.0,10.0,5.0,1.1253517471925912e-07
12.3,10.0,10.0,5.0,1.1253517471925912e-07
12.31,10.0,10.0,5.0,1.1253517471925912e-07
12.32,10.0,10.0,5.0,1.1253517471925912e-07
12.33,10.0,10.0,5.0,1.1253517471925912e-07
12.34,10.0,10.0,5.0,1.1253517471925912e-07
12.35,10.0,10.0,5.0,1.1253517471925912e-07
12.36,10.0,10.0,5.0,1.1253517471925912e-07
12.370000000000001,10.0,10.0,5.0,1.1253517471925912e-07
12.38,10.0,10.0,5.0,1.1253517471925912e-07
12.39,10.0,10.0,5.0,1.1253517471925912e-07
12.4,10.0,10.0,5.0,1.1253517471925912e-07
12.41,10.0,10.0,5.0,1.1253517471925912e-07
12.42,10.0,10.0,5.0,1.1253517471925912e-07
12.43,10.0,10.0,5.0,1.1253517471925912e-07
12.44,10.0,10.0,5.0,1.1253517471925912e-07
12.450000000000001,10.0,10.0,5.0,1.1253517471925912e-07
12.46,10.0,10.0,5.0,1.1253517471925912e-07
12.47,10.0,10.0,5.0,1.1253517471925912e-07
12.48,10.0,10.0,5.0,1.1253517471925912e-07
12.49,10.0,10.0,5.0,1.1253517471925912e-07
12.5,10.0,10.0,5.0,1.1253517471925912e-07
12.51,10.0,10.0,5.0,1.1253517471925912e-07
12.52,10.0,10.0,5.0,1.1253517471925912e-07
12.530000000000001,10.0,10.0,5.0,1.1253517471925912e-07
12.540000000000001,10.0,10.0,5.0,1.1253517471925912e-07
12.55,10.0,10.0,5.0,1.1253517471925912e-07
12.56,10.0,10.0,5.0,1.1253517471925912e-07
12.57,10.0,10.0,5.0,1.1253517471925912e-07
12.58,10.0,10.0,5.0,1.1253517471925912e-07
12.59,10.0,10.0,5.0,1.1253517471925912e-07
12.6,10.0,10.0,5.0,1.1253517471925912e-07
12.61,10.0,10.0,5.0,1.1253517471925912e-07
12.620000000000001,10.0,10.0,5.0,1.1253517471925912e-07
12.63,10.0,10.0,5.0,1.1253517471925912e-07
12.64,10.0,10.0,5.0,1.1253517471925912e-07
12.65,10.0,10.0,5.0,1.1253517471925912e-07
12.66,10.0,10.0,5.0,1.1253517471925912e-07
12.67,10.0,10.0,5.0,1.1253517471925912e-07
12.68,10.0,10.0,5.0,1.1253517471925912e-07
12.69,10.0,10.0,5.0,1.1253517471925912e-07
12.700000000000001,10.0,10.0,5.0,1.1253517471925912e-07
12.71,10.0,10.0,5.0,1.1253517471925912e-07
12.72,10.0,10.0,5.0,1.1253517471925912e-07
12.73,10.0,10.0,5.0,1.1253517471925912e-07
12.74,10.0,10.0,5.0,1.1253517471925912e-07
12.75,10.0,10.0,5.0,1.1253517471925912e-07
12.76,10.0,10.0,5.0,1.1253517471925912e-07
12.77,10.0,10.0,5.0,1.1253517471925912e-07
12.780000000000001,10.0,10.0,5.0,1.1253517471925912e-07
12.790000000000001,10.0,10.0,5.0,1.1253517471925912e-07
12.8,10.0,10.0,5.0,1.1253517471925912e-07
12.81,10.0,10.0,5.0,1.1253517471925912e-07
12.82,10.0,10.0,5.0,1.1253517471925912e-07
12.83,10.0,10.0,5.0,1.1253517471925912e-07
12.84,10.0,10.0,5.0,1.1253517471925912e-07
12.85,10.0,10.0,5.0,1.1253517471925912e-07
12.86,10.0,10.0,5.0,1.1253517471925912e-07
12.870000000000001,10.0,10.0,5.0,1.1253517471925912e-07
12.88,10.0,10.0,5.0,1.1253517471925912e-07
12.89,10.0,10.0,5.0,1.1253517471925912e-07
12.9,10.0,10.0,5.0,1.1253517471925912e-07
12.91,10.0,10.0,5.0,1.1253517471925912e-07
12.92,10.0,10.0,5.0,1.1253517471925912e-07
12.93,10.0,10.0,5.0,1.1253517471925912e-07
12.94,10.0,10.0,5.0,1.1253517471925912e-07
12.950000000000001,10.0,10.0,5.0,1.1253517471925912e-07
12.96,10.0,10.0,5.0,1.1253517471925912e-07
12.97,10.0,10.0,5.0,1.1253517471925912e-07
12.98,10.0,10.0,5.0,1.1253517471925912e-07
12.99,10.0,10.0,5.0,1.1253517471925912e-07
13.0,10.0,10.0,5.0,1.1253517471925912e-07
13.01,10.0,10.0,5.0,1.1253517471925912e-07
13.02,10.0,10.0,5.0,1.1253517471925912e-07
13.030000000000001,10.0,10.0,5.0,1.1253517471925912e-07
13.040000000000001,10.0,10.0,5.0,1.1253517471925912e-07
13.05,10.0,10.0,5.0,1.1253517471925912e-07
13.06,10.0,10.0,5.0,1.1253517471925912e-07
13.07,10.0,10.0,5.0,1.1253517471925912e-07
13.08,10.0,10.0,5.0,1.1253517471925912e-07
13.09,10.0,10.0,5.0,1.1253517471925912e-07
13.1,10.0,10.0,5.0,1.1253517471925912e-07
13.11,10.0,10.0,5.0,1.1253517471925912e-07
13.120000000000001,10.0,10.0,5.0,1.1253517471925912e-07
13.13,10.0,10.0,5.0,1.1253517471925912e-07
13.14,10.0,10.0,5.0,1.1253517471925912e-07
13.15,10.0,10.0,5.0,1.1253517471925912e-07
13.16,10.0,10.0,5.0,1.1253517471925912e-07
13.17,10.0,10.0,5.0,1.1253517471925912e-07
13.18,10.0,10.0,5.0,1.1253517471925912e-07
13.19,10.0,10.0,5.0,1.1253517471925912e-07
13.200000000000001,10.0,10.0,5.0,1.1253517471925912e-07
13.21,10.0,10.0,5.0,1.1253517471925912e-07
13.22,10.0,10.0,5.0,1.1253517471925912e-07
13.23,10.0,10.0,5.0,1.1253517471925912e-07
13.24,10.0,10.0,5.0,1.1253517471925912e-07
13.25,10.0,10.0,5.0,1.1253517471925912e-07
13.26,10.0,10.0,5.0,1.1253517471925912e-07
13.27,10.0,10.0,5.0,1.1253517471925912e-07
13.280000000000001,10.0,10.0,5.0,1.1253517471925912e-07
13.290000000000001,10.0,10.0,5.0,1.1253517471925912e-07
13.3,10.0,10.0,5.0,1.1253517471925912e-07
13.31,10.0,10.0,5.0,1.1253517471925912e-07
13.32,10.0,10.0,5.0,1.1253517471925912e-07
13.33,10.0,10.0,5.0,1.1253517471925912e-07
13.34,10.0,10.0,5.0,1.1253517471925912e-07
13.35,10.0,10.0,5.0,1.1253517471925912e-07
13.36,10.0,10.0,5.0,1.1253517471925912e-07
13.370000000000001,10.0,10.0,5.0,1.1253517471925912e-07
13.38,10.0,10.0,5.0,1.1253517471925912e-07
13.39,10.0,10.0,5.0,1.1253517471925912e-07
13.4,10.0,10.0,5.0,1.1253517471925912e-07
13.41,10.0,10.0,5.0,1.1253517471925912e-07
13.42,10.0,10.0,5.0,1.1253517471925912e-07
13.43,10.0,10.0,5.0,1.1253517471925912e-07
13.44,10.0,10.0,5.0,1.1253517471925912e-07
13.450000000000001,10.0,10.0,5.0,1.1253517471925912e-07
13.46,10.0,10.0,5.0,1.1253517471925912e-07
13.47,10.0,10.0,5.0,1.1253517471925912e-07
13.48,10.0,10.0,5.0,1.1253517471925912e-07
13.49,10.0,10.0,5.0,1.1253517471925912e-07
13.5,10.0,10.0,5.0,1.1253517471925912e-07
13.51,10.0,10.0,5.0,1.1253517471925912e-07
13.52,10.0,10.0,5.0,1.1253517471925912e-07
13.530000000000001,10.0,10.0,5.0,1.1253517471925912e-07
13.540000000000001,10.0,10.0,5.0,1.1253517471925912e-07
13.55,10.0,10.0,5.0,1.1253517471925912e-07
13.56,10.0,10.0,5.0,1.1253517471925912e-07
13.57,10.0,10.0,5.0,1.1253517471925912e-07
13.58,10.0,10.0,5.0,1.1253517471925912e-07
13.59,10.0,10.0,5.0,1.1253517471925912e-07
13.6,10.0,10.0,5.0,1.1253517471925912e-07
13.61,10.0,10.0,5.0,1.1253517471925912e-07
13.620000000000001,10.0,10.0,5.0,1.1253517471925912e-07
13.63,10.0,10.0,5.0,1.1253517471925912e-07
13.64,10.0,10.0,5.0,1.1253517471925912e-07
13.65,10.0,10.0,5.0,1.1253517471925912e-07
13.66,10.0,10.0,5.0,1.1253517471925912e-07
13.67,10.0,10.0,5.0,1.1253517471925912e-07
13.68,10.0,10.0,5.0,1.1253517471925912e-07
13.69,10.0,10.0,5.0,1.1253517471925912e-07
13.700000000000001,10.0,10.0,5.0,1.1253517471925912e-07
13.71,10.0,10.0,5.0,1.1253517471925912e-07
13.72,10.0,10.0,5.0,1.1253517471925912e-07
13.73,10.0,10.0,5.0,1.1253517471925912e-07
13.74,10.0,10.0,5.0,1.1253517471925912e-07
13.75,10.0,10.0,5.0,1.1253517471925912e-07
13.76,10.0,10.0,5.0,1.1253517471925912e-07
13.77,10.0,10.0,5.0,1.1253517471925912e-07
13.780000000000001,10.0,10.0,5.0,1.1253517471925912e-07
13.790000000000001,10.0,10.0,5.0,1.1253517471925912e-07
13.8,10.0,10.0,5.0,1.1253517471925912e-07
13.81,10.0,10.0,5.0,1.1253517471925912e-07
13.82,10.0,10.0,5.0,1.1253517471925912e-07
13.83,10.0,10.0,5.0,1.1253517471925912e-07
13.84,10.0,10.0,5.0,1.1253517471925912e-07
13.85,10.0,10.0,5.0,1.1253517471925912e-07
13.86,10.0,10.0,5.0,1.1253517471925912e-07
13.870000000000001,10.0,10.0,5.0,1.1253517471925912e-07
13.88,10.0,10.0,5.0,1.1253517471925912e-07
13.89,10.0,10.0,5.0,1.1253517471925912e-07
13.9,10.0,10.0,5.0,1.1253517471925912e-07
13.91,10.0,10.0,5.0,1.1253517471925912e-07
13.92,10.0,10.0,5.0,1.1253517471925912e-07
13.93,10.0,10.0,5.0,1.1253517471925912e-07
13.94,10.0,10.0,5.0,1.1253517471925912e-07
13.950000000000001,10.0,10.0,5.0,1.1253517471925912e-07
13.96,10.0,10.0,5.0,1.1253517471925912e-07
13.97,10.0,10.0,5.0,1.1253517471925912e-07
13.98,10.0,10.0,5.0,1.1253517471925912e-07
13.99,10.0,10.0,5.0,1.1253517471925912e-07
14.0,10.0,10.0,5.0,1.1253517471925912e-07
14.01,10.0,10.0,5.0,1.1253517471925912e-07
14.02,10.0,10.0,5.0,1.1253517471925912e-07
14.030000000000001,10.0,10.0,5.0,1.1253517471925912e-07
14.040000000000001,10.0,10.0,5.0,1.1253517471925912e-07
14.05,10.0,10.0,5.0,1.1253517471925912e-07
14.06,10.0,10.0,5.0,1.1253517471925912e-07
14.07,10.0,10.0,5.0,1.1253517471925912e-07
14.08,10.0,10.0,5.0,1.1253517471925912e-07
14.09,10.0,10.0,5.0,1.1253517471925912e-07
14.1,10.0,10.0,5.0,1.1253517471925912e-07
14.11,10.0,10.0,5.0,1.1253517471925912e-07
14.120000000000001,10.0,10.0,5.0,1.1253517471925912e-07
14.13,10.0,10.0,5.0,1.1253517471925912e-07
14.14,10.0,10.0,5.0,1.1253517471925912e-07
14.15,10.0,10.0,5.0,1.1253517471925912e-07
14.16,10.0,10.0,5.0,1.1253517471925912e-07
14.17,10.0,10.0,5.0,1.1253517471925912e-07
14.18,10.0,10.0,5.0,1.1253517471925912e-07
14.19,10.0,10.0,5.0,1.1253517471925912e-07
14.200000000000001,10.0,10.0,5.0,1.1253517471925912e-07
14.21,10.0,10.0,5.0,1.1253517471925912e-07
14.22,10.0,10.0,5.0,1.1253517471925912e-07
14.23,10.0,10.0,5.0,1.1253517471925912e-07
14.24,10.0,10.0,5.0,1.1253517471925912e-07
14.25,10.0,10.0,5.0,1.1253517471925912e-07
14.26,10.0,10.0,5.0,1.1253517471925912e-07
14.27,10.0,10.0,5.0,1.1253517471925912e-07
14.280000000000001,10.0,10.0,5.0,1.1253517471925912e-07
14.290000000000001,10.0,10.0,5.0,1.1253517471925912e-07
14.3,10.0,10.0,5.0,1.1253517471925912e-07
14.31,10.0,10.0,5.0,1.1253517471925912e-07
14.32,10.0,10.0,5.0,1.1253517471925912e-07
14.33,10.0,10.0,5.0,1.1253517471925912e-07
14.34,10.0,10.0,5.0,1.1253517471925912e-07
14.35,10.0,10.0,5.0,1.1253517471925912e-07
14.36,10.0,10.0,5.0,1.1253517471925912e-07
14.370000000000001,10.0,10.0,5.0,1.1253517471925912e-07
14.38,10.0,10.0,5.0,1.1253517471925912e-07
14.39,10.0,10.0,5.0,1.1253517471925912e-07
14.4,10.0,10.0,5.0,1.1253517471925912e-07
14.41,10.0,10.0,5.0,1.1253517471925912e-07
14.42,10.0,10.0,5.0,1.1253517471925912e-07
14.43,10.0,10.0,5.0,1.1253517471925912e-07
14.44,10.0,10.0,5.0,1.1253517471925912e-07
14.450000000000001,10.0,10.0,5.0,1.1253517471925912e-07
14.46,10.0,10.0,5.0,1.1253517471925912e-07
14.47,10.0,10.0,5.0,1.1253517471925912e-07
14.48,10.0,10.0,5.0,1.1253517471925912e-07
14.49,10.0,10.0,5.0,1.1253517471925912e-07
14.5,10.0,10.0,5.0,1.1253517471925912e-07
14.51,10.0,10.0,5.0,1.1253517471925912e-07
14.52,10.0,10.0,5.0,1.1253517471925912e-07
14.530000000000001,10.0,10.0,5.0,1.1253517471925912e-07
14.540000000000001,10.0,10.0,5.0,1.1253517471925912e-07
14.55,10.0,10.0,5.0,1.1253517471925912e-07
14.56,10.0,10.0,5.0,1.1253517471925912e-07
14.57,10.0,10.0,5.0,1.1253517471925912e-07
14.58,10.0,10.0,5.0,1.1253517471925912e-07
14.59,10.0,10.0,5.0,1.1253517471925912e-07
14.6,10.0,10.0,5.0,1.1253517471925912e-07
14.61,10.0,10.0,5.0,1.1253517471925912e-07
14.620000000000001,10.0,10.0,5.0,1.1253517471925912e-07
14.63,10.0,10.0,5.0,1.1253517471925912e-07
14.64,10.0,10.0,5.0,1.1253517471925912e-07
14.65,10.0,10.0,5.0,1.1253517471925912e-07
14.66,10.0,10.0,5.0,1.1253517471925912e-07
14.67,10.0,10.0,5.0,1.1253517471925912e-07
14.68,10.0,10.0,5.0,1.1253517471925912e-07
14.69,10.0,10.0,5.0,1.1253517471925912e-07
14.700000000000001,10.0,10.0,5.0,1.1253517471925912e-07
14.71,10.0,10.0,5.0,1.1253517471925912e-07
14.72,10.0,10.0,5.0,1.1253517471925912e-07
14.73,10.0,10.0,5.0,1.1253517471925912e-07
14.74,10.0,10.0,5.0,1.1253517471925912e-07
14.75,10.0,10.0,5.0,1.1253517471925912e-07
14.76,10.0,10.0,5.0,1.1253517471925912e-07
14.77,10.0,10.0,5.0,1.1253517471925912e-07
14.780000000000001,10.0,10.0,5.0,1.1253517471925912e-07
14.790000000000001,10.0,10.0,5.0,1.1253517471925912e-07
14.8,10.0,10.0,5.0,1.1253517471925912e-07
14.81,10.0,10.0,5.0,1.1253517471925912e-07
14.82,10.0,10.0,5.0,1.1253517471925912e-07
14.83,10.0,10.0,5.0,1.1253517471925912e-07
14.84,10.0,10.0,5.0,1.1253517471925912e-07
14.85,10.0,10.0,5.0,1.1253517471925912e-07
14.86,10.0,10.0,5.0,1.1253517471925912e-07
14.870000000000001,10.0,10.0,5.0,1.1253517471925912e-07
14.88,10.0,10.0,5.0,1.1253517471925912e-07
14.89,10.0,10.0,5.0,1.1253517471925912e-07
14.9,10.0,10.0,5.0,1.1253517471925912e-07
14.91,10.0,10.0,5.0,1.1253517471925912e-07
14.92,10.0,10.0,5.0,1.1253517471925912e-07
14.93,10.0,10.0,5.0,1.1253517471925912e-07
14.94,10.0,10.0,5.0,1.1253517471925912e-07
14.950000000000001,10.0,10.0,5.0,1.1253517471925912e-07
14.96,10.0,10.0,5.0,1.1253517471925912e-07
14.97,10.0,10.0,5.0,1.1253517471925912e-07
14.98,10.0,10.0,5.0,1.1253517471925912e-07
14.99,10.0,10.0,5.0,1.1253517471925912e-07
15.0,10.0,10.0,5.0,1.1253517471925912e-07
15.01,10.0,10.0,5.0,1.1253517471925912e-07
15.02,10.0,10.0,5.0,1.1253517471925912e-07
15.030000000000001,10.0,10.0,5.0,1.1253517471925912e-07
15.040000000000001,10.0,10.0,5.0,1.1253517471925912e-07
15.05,10.0,10.0,5.0,1.1253517471925912e-07
15.06,10.0,10.0,5.0,1.1253517471925912e-07
15.07,10.0,10.0,5.0,1.1253517471925912e-07
15.08,10.0,10.0,5.0,1.1253517471925912e-07
15.09,10.0,10.0,5.0,1.1253517471925912e-07
15.1,10.0,10.0,5.0,1.1253517471925912e-07
15.11,10.0,10.0,5.0,1.1253517471925912e-07
15.120000000000001,10.0,10.0,5.0,1.1253517471925912e-07
15.13,10.0,10.0,5.0,1.1253517471925912e-07
15.14,10.0,10.0,5.0,1.1253517471925912e-07
15.15,10.0,10.0,5.0,1.1253517471925912e-07
15.16,10.0,10.0,5.0,1.1253517471925912e-07
15.17,10.0,10.0,5.0,1.1253517471925912e-07
15.18,10.0,10.0,5.0,1.1253517471925912e-07
15.19,10.0,10.0,5.0,1.1253517471925912e-07
15.200000000000001,10.0,10.0,5.0,1.1253517471925912e-07
15.21,10.0,10.0,5.0,1.1253517471925912e-07
15.22,10.0,10.0,5.0,1.1253517471925912e-07
15.23,10.0,10.0,5.0,1.1253517471925912e-07
15.24,10.0,10.0,5.0,1.1253517471925912e-07
15.25,10.0,10.0,5.0,1.1253517471925912e-07
15.26,10.0,10.0,5.0,1.1253517471925912e-07
15.27,10.0,10.0,5.0,1.1253517471925912e-07
15.280000000000001,10.0,10.0,5.0,1.1253517471925912e-07
15.290000000000001,10.0,10.0,5.0,1.1253517471925912e-07
15.3,10.0,10.0,5.0,1.1253517471925912e-07
15.31,10.0,10.0,5.0,1.1253517471925912e-07
15.32,10.0,10.0,5.0,1.1253517471925912e-07
15.33,10.0,10.0,5.0,1.1253517471925912e-07
15.34,10.0,10.0,5.0,1.1253517471925912e-07
15.35,10.0,10.0,5.0,1.1253517471925912e-07
15.36,10.0,10.0,5.0,1.1253517471925912e-07
15.370000000000001,10.0,10.0,5.0,1.1253517471925912e-07
15.38,10.0,10.0,5.0,1.1253517471925912e-07
15.39,10.0,10.0,5.0,1.1253517471925912e-07
15.4,10.0,10.0,5.0,1.1253517471925912e-07
15.41,10.0,10.0,5.0,1.1253517471925912e-07
15.42,10.0,10.0,5.0,1.1253517471925912e-07
15.43,10.0,10.0,5.0,1.1253517471925912e-07
15.44,10.0,10.0,5.0,1.1253517471925912e-07
15.450000000000001,10.0,10.0,5.0,1.1253517471925912e-07
15.46,10.0,10.0,5.0,1.1253517471925912e-07
15.47,10.0,10.0,5.0,1.1253517471925912e-07
15.48,10.0,10.0,5.0,1.1253517471925912e-07
15.49,10.0,10.0,5.0,1.1253517471925912e-07
15.5,10.0,10.0,5.0,1.1253517471925912e-07
15.51,10.0,10.0,5.0,1.1253517471925912e-07
15.52,10.0,10.0,5.0,1.1253517471925912e-07
15.530000000000001,10.0,10.0,5.0,1.1253517471925912e-07
15.540000000000001,10.0,10.0,5.0,1.1253517471925912e-07
15.55,10.0,10.0,5.0,1.1253517471925912e-07
15.56,10.0,10.0,5.0,1.1253517471925912e-07
15.57,10.0,10.0,5.0,1.1253517471925912e-07
15.58,10.0,10.0,5.0,1.1253517471925912e-07
15.59,10.0,10.0,5.0,1.1253517471925912e-07
15.6,10.0,10.0,5.0,1.1253517471925912e-07
15.610000000000001,10.0,10.0,5.0,1.1253517471925912e-07
15.620000000000001,10.0,10.0,5.0,1.1253517471925912e-07
15.63,10.0,10.0,5.0,1.1253517471925912e-07
15.64,10.0,10.0,5.0,1.1253517471925912e-07
15.65,10.0,10.0,5.0,1.1253517471925912e-07
15.66,10.0,10.0,5.0,1.1253517471925912e-07
15.67,10.0,10.0,5.0,1.1253517471925912e-07
15.68,10.0,10.0,5.0,1.1253517471925912e-07
15.69,10.0,10.0,5.0,1.1253517471925912e-07
15.700000000000001,10.0,10.0,5.0,1.1253517471925912e-07
15.71,10.0,10.0,5.0,1.1253517471925912e-07
15.72,10.0,10.0,5.0,1.1253517471925912e-07
15.73,10.0,10.0,5.0,1.1253517471925912e-07
15.74,10.0,10.0,5.0,1.1253517471925912e-07
15.75,10.0,10.0,5.0,1.1253517471925912e-07
15.76,10.0,10.0,5.0,1.1253517471925912e-07
15.77,10.0,10.0,5.0,1.1253517471925912e-07
15.780000000000001,10.0,10.0,5.0,1.1253517471925912e-07
15.790000000000001,10.0,10.0,5.0,1.1253517471925912e-07
15.8,10.0,10.0,5.0,1.1253517471925912e-07
15.81,10.0,10.0,5.0,1.1253517471925912e-07
15.82,10.0,10.0,5.0,1.1253517471925912e-07
15.83,10.0,10.0,5.0,1.1253517471925912e-07
15.84,10.0,10.0,5.0,1.1253517471925912e-07
15.85,10.0,10.0,5.0,1.1253517471925912e-07
15.860000000000001,10.0,10.0,5.0,1.1253517471925912e-07
15.870000000000001,10.0,10.0,5.0,1.1253517471925912e-07
15.88,10.0,10.0,5.0,1.1253517471925912e-07
15.89,10.0,10.0,5.0,1.1253517471925912e-07
15.9,10.0,10.0,5.0,1.1253517471925912e-07
15.91,10.0,10.0,5.0,1.1253517471925912e-07
15.92,10.0,10.0,5.0,1.1253517471925912e-07
15.93,10.0,10.0,5.0,1.1253517471925912e-07
15.94,10.0,10.0,5.0,1.1253517471925912e-07
15.950000000000001,10.0,10.0,5.0,1.1253517471925912e-07
15.96,10.0,10.0,5.0,1.1253517471925912e-07
15.97,10.0,10.0,5.0,1.1253517471925912e-07
15.98,10.0,10.0,5.0,1.1253517471925912e-07
15.99,10.0,10.0,5.0,1.1253517471925912e-07
16.0,10.0,10.0,5.0,1.1253517471925912e-07
16.01,10.0,10.0,5.0,1.1253517471925912e-07
16.02,10.0,10.0,5.0,1.1253517471925912e-07
16.03,10.0,10.0,5.0,1.1253517471925912e-07
16.04,10.0,10.0,5.0,1.1253517471925912e-07
16.05,10.0,10.0,5.0,1.1253517471925912e-07
16.06,10.0,10.0,5.0,1.1253517471925912e-07
16.07,10.0,10.0,5.0,1.1253517471925912e-07
16.080000000000002,10.0,10.0,5.0,1.1253517471925912e-07
16.09,10.0,10.0,5.0,1.1253517471925912e-07
16.1,10.0,10.0,5.0,1.1253517471925912e-07
16.11,10.0,10.0,5.0,1.1253517471925912e-07
16.12,10.0,10.0,5.0,1.1253517471925912e-07
16.13,10.0,10.0,5.0,1.1253517471925912e-07
16.14,10.0,10.0,5.0,1.1253517471925912e-07
16.15,10.0,10.0,5.0,1.1253517471925912e-07
16.16,10.0,10.0,5.0,1.1253517471925912e-07
16.17,10.0,10.0,5.0,1.1253517471925912e-07
16.18,10.0,10.0,5.0,1.1253517471925912e-07
16.19,10.0,10.0,5.0,1.1253517471925912e-07
16.2,10.0,10.0,5.0,1.1253517471925912e-07
16.21,10.0,10.0,5.0,1.1253517471925912e-07
16.22,10.0,10.0,5.0,1.1253517471925912e-07
16.23,10.0,10.0,5.0,1.1253517471925912e-07
16.240000000000002,10.0,10.0,5.0,1.1253517471925912e-07
16.25,10.0,10.0,5.0,1.1253517471925912e-07
16.26,10.0,10.0,5.0,1.1253517471925912e-07
16.27,10.0,10.0,5.0,1.1253517471925912e-07
16.28,10.0,10.0,5.0,1.1253517471925912e-07
16.29,10.0,10.0,5.0,1.1253517471925912e-07
16.3,10.0,10.0,5.0,1.1253517471925912e-07
16.31,10.0,10.0,5.0,1.1253517471925912e-07
16.32,10.0,10.0,5.0,1.1253517471925912e-07
16.330000000000002,10.0,10.0,5.0,1.1253517471925912e-07
16.34,10.0,10.0,5.0,1.1253517471925912e-07
16.35,10.0,10.0,5.0,1.1253517471925912e-07
16.36,10.0,10.0,5.0,1.1253517471925912e-07
16.37,10.0,10.0,5.0,1.1253517471925912e-07
16.38,10.0,10.0,5.0,1.1253517471925912e-07
16.39,10.0,10.0,5.0,1.1253517471925912e-07
16.4,10.0,10.0,5.0,1.1253517471925912e-07
16.41,10.0,10.0,5.0,1.1253517471925912e-07
16.42,10.0,10.0,5.0,1.1253517471925912e-07
16.43,10.0,10.0,5.0,1.1253517471925912e-07
16.44,10.0,10.0,5.0,1.1253517471925912e-07
16.45,10.0,10.0,5.0,1.1253517471925912e-07
16.46,10.0,10.0,5.0,1.1253517471925912e-07
16.47,10.0,10.0,5.0,1.1253517471925912e-07
16.48,10.0,10.0,5.0,1.1253517471925912e-07
16.490000000000002,10.0,10.0,5.0,1.1253517471925912e-07
16.5,10.0,10.0,5.0,1.1253517471925912e-07
16.51,10.0,10.0,5.0,1.1253517471925912e-07
16.52,10.0,10.0,5.0,1.1253517471925912e-07
16.53,10.0,10.0,5.0,1.1253517471925912e-07
16.54,10.0,10.0,5.0,1.1253517471925912e-07
16.55,10.0,10.0,5.0,1.1253517471925912e-07
16.56,10.0,10.0,5.0,1.1253517471925912e-07
16.57,10.0,10.0,5.0,1.1253517471925912e-07
16.580000000000002,10.0,10.0,5.0,1.1253517471925912e-07
16.59,10.0,10.0,5.0,1.1253517471925912e-07
16.6,10.0,10.0,5.0,1.1253517471925912e-07
16.61,10.0,10.0,5.0,1.1253517471925912e-07
16.62,10.0,10.0,5.0,1.1253517471925912e-07
16.63,10.0,10.0,5.0,1.1253517471925912e-07
16.64,10.0,10.0,5.0,1.1253517471925912e-07
16.65,10.0,10.0,5.0,1.1253517471925912e-07
16.66,10.0,10.0,5.0,1.1253517471925912e-07
16.67,10.0,10.0,5.0,1.1253517471925912e-07
16.68,10.0,10.0,5.0,1.1253517471925912e-07
16.69,10.0,10.0,5.0,1.1253517471925912e-07
16.7,10.0,10.0,5.0,1.1253517471925912e-07
16.71,10.0,10.0,5.0,1.1253517471925912e-07
16.72,10.0,10.0,5.0,1.1253517471925912e-07
16.73,10.0,10.0,5.0,1.1253517471925912e-07
16.740000000000002,10.0,10.0,5.0,1.1253517471925912e-07
16.75,10.0,10.0,5.0,1.1253517471925912e-07
16.76,10.0,10.0,5.0,1.1253517471925912e-07
16.77,10.0,10.0,5.0,1.1253517471925912e-07
16.78,10.0,10.0,5.0,1.1253517471925912e-07
16.79,10.0,10.0,5.0,1.1253517471925912e-07
16.8,10.0,10.0,5.0,1.1253517471925912e-07
16.81,10.0,10.0,5.0,1.1253517471925912e-07
16.82,10.0,10.0,5.0,1.1253517471925912e-07
16.830000000000002,10.0,10.0,5.0,1.1253517471925912e-07
16.84,10.0,10.0,5.0,1.1253517471925912e-07
16.85,10.0,10.0,5.0,1.1253517471925912e-07
16.86,10.0,10.0,5.0,1.1253517471925912e-07
16.87,10.0,10.0,5.0,1.1253517471925912e-07
16.88,10.0,10.0,5.0,1.1253517471925912e-07
16.89,10.0,10.0,5.0,1.1253517471925912e-07
16.9,10.0,10.0,5.0,1.1253517471925912e-07
16.91,10.0,10.0,5.0,1.1253517471925912e-07
16.92,10.0,10.0,5.0,1.1253517471925912e-07
16.93,10.0,10.0,5.0,1.1253517471925912e-07
16.94,10.0,10.0,5.0,1.1253517471925912e-07
16.95,10.0,10.0,5.0,1.1253517471925912e-07
16.96,10.0,10.0,5.0,1.1253517471925912e-07
16.97,10.0,10.0,5.0,1.1253517471925912e-07
16.98,10.0,10.0,5.0,1.1253517471925912e-07
16.990000000000002,10.0,10.0,5.0,1.1253517471925912e-07
17.0,10.0,10.0,5.0,1.1253517471925912e-07
17.01,10.0,10.0,5.0,1.1253517471925912e-07
17.02,10.0,10.0,5.0,1.1253517471925912e-07
17.03,10.0,10.0,5.0,1.1253517471925912e-07
17.04,10.0,10.0,5.0,1.1253517471925912e-07
17.05,10.0,10.0,5.0,1.1253517471925912e-07
17.06,10.0,10.0,5.0,1.1253517471925912e-07
17.07,10.0,10.0,5.0,1.1253517471925912e-07
17.080000000000002,10.0,10.0,5.0,1.1253517471925912e-07
17.09,10.0,10.0,5.0,1.1253517471925912e-07
17.1,10.0,10.0,5.0,1.1253517471925912e-07
17.11,10.0,10.0,5.0,1.1253517471925912e-07
17.12,10.0,10.0,5.0,1.1253517471925912e-07
17.13,10.0,10.0,5.0,1.1253517471925912e-07
17.14,10.0,10.0,5.0,1.1253517471925912e-07
17.150000000000002,10.0,10.0,5.0,1.1253517471925912e-07
17.16,10.0,10.0,5.0,1.1253517471925912e-07
17.17,10.0,10.0,5.0,1.1253517471925912e-07
17.18,10.0,10.0,5.0,1.1253517471925912e-07
17.19,10.0,10.0,5.0,1.1253517471925912e-07
17.2,10.0,10.0,5.0,1.1253517471925912e-07
17.21,10.0,10.0,5.0,1.1253517471925912e-07
17.22,10.0,10.0,5.0,1.1253517471925912e-07
17.23,10.0,10.0,5.0,1.1253517471925912e-07
17.240000000000002,10.0,10.0,5.0,1.1253517471925912e-07
17.25,10.0,10.0,5.0,1.1253517471925912e-07
17.26,10.0,10.0,5.0,1.1253517471925912e-07
17.27,10.0,10.0,5.0,1.1253517471925912e-07
17.28,10.0,10.0,5.0,1.1253517471925912e-07
17.29,10.0,10.0,5.0,1.1253517471925912e-07
17.3,10.0,10.0,5.0,1.1253517471925912e-07
17.31,10.0,10.0,5.0,1.1253517471925912e-07
17.32,10.0,10.0,5.0,1.1253517471925912e-07
17.330000000000002,10.0,10.0,5.0,1.1253517471925912e-07
17.34,10.0,10.0,5.0,1.1253517471925912e-07
17.35,10.0,10.0,5.0,1.1253517471925912e-07
17.36,10.0,10.0,5.0,1.1253517471925912e-07
17.37,10.0,10.0,5.0,1.1253517471925912e-07
17.38,10.0,10.0,5.0,1.1253517471925912e-07
17.39,10.0,10.0,5.0,1.1253517471925912e-07
17.400000000000002,10.0,10.0,5.0,1.1253517471925912e-07
17.41,10.0,10.0,5.0,1.1253517471925912e-07
17.42,10.0,10.0,5.0,1.1253517471925912e-07
17.43,10.0,10.0,5.0,1.1253517471925912e-07
17.44,10.0,10.0,5.0,1.1253517471925912e-07
17.45,10.0,10.0,5.0,1.1253517471925912e-07
17.46,10.0,10.0,5.0,1.1253517471925912e-07
17.47,10.0,10.0,5.0,1.1253517471925912e-07
17.48,10.0,10.0,5.0,1.1253517471925912e-07
17.490000000000002,10.0,10.0,5.0,1.1253517471925912e-07
17.5,10.0,10.0,5.0,1.1253517471925912e-07
17.51,10.0,10.0,5.0,1.1253517471925912e-07
17.52,10.0,10.0,5.0,1.1253517471925912e-07
17.53,10.0,10.0,5.0,1.1253517471925912e-07
17.54,10.0,10.0,5.0,1.1253517471925912e-07
17.55,10.0,10.0,5.0,1.1253517471925912e-07
17.56,10.0,10.0,5.0,1.1253517471925912e-07
17.57,10.0,10.0,5.0,1.1253517471925912e-07
17.580000000000002,10.0,10.0,5.0,1.1253517471925912e-07
17.59,10.0,10.0,5.0,1.1253517471925912e-07
17.6,10.0,10.0,5.0,1.1253517471925912e-07
17.61,10.0,10.0,5.0,1.1253517471925912e-07
17.62,10.0,10.0,5.0,1.1253517471925912e-07
17.63,10.0,10.0,5.0,1.1253517471925912e-07
17.64,10.0,10.0,5.0,1.1253517471925912e-07
17.650000000000002,10.0,10.0,5.0,1.1253517471925912e-07
17.66,10.0,10.0,5.0,1.1253517471925912e-07
17.67,10.0,10.0,5.0,1.1253517471925912e-07
17.68,10.0,10.0,5.0,1.1253517471925912e-07
17.69,10.0,10.0,5.0,1.1253517471925912e-07
17.7,10.0,10.0,5.0,1.1253517471925912e-07
17.71,10.0,10.0,5.0,1.1253517471925912e-07
17.72,10.0,10.0,5.0,1.1253517471925912e-07
17.73,10.0,10.0,5.0,1.1253517471925912e-07
17.740000000000002,10.0,10.0,5.0,1.1253517471925912e-07
17.75,10.0,10.0,5.0,1.1253517471925912e-07
17.76,10.0,10.0,5.0,1.1253517471925912e-07
17.77,10.0,10.0,5.0,1.1253517471925912e-07
17.78,10.0,10.0,5.0,1.1253517471925912e-07
17.79,10.0,10.0,5.0,1.1253517471925912e-07
17.8,10.0,10.0,5.0,1.1253517471925912e-07
17.81,10.0,10.0,5.0,1.1253517471925912e-07
17.82,10.0,10.0,5.0,1.1253517471925912e-07
17.830000000000002,10.0,10.0,5.0,1.1253517471925912e-07
17.84,10.0,10.0,5.0,1.1253517471925912e-07
17.85,10.0,10.0,5.0,1.1253517471925912e-07
17.86,10.0,10.0,5.0,1.1253517471925912e-07
17.87,10.0,10.0,5.0,1.1253517471925912e-07
17.88,10.0,10.0,5.0,1.1253517471925912e-07
17.89,10.0,10.0,5.0,1.1253517471925912e-07
17.900000000000002,10.0,10.0,5.0,1.1253517471925912e-07
17.91,10.0,10.0,5.0,1.1253517471925912e-07
17.92,10.0,10.0,5.0,1.1253517471925912e-07
17.93,10.0,10.0,5.0,1.1253517471925912e-07
17.94,10.0,10.0,5.0,1.1253517471925912e-07
17.95,10.0,10.0,5.0,1.1253517471925912e-07
17.96,10.0,10.0,5.0,1.1253517471925912e-07
17.97,10.0,10.0,5.0,1.1253517471925912e-07
17.98,10.0,10.0,5.0,1.1253517471925912e-07
17.990000000000002,10.0,10.0,5.0,1.1253517471925912e-07
18.0,10.0,10.0,5.0,1.1253517471925912e-07
18.01,10.0,10.0,5.0,1.1253517471925912e-07
18.02,10.0,10.0,5.0,1.1253517471925912e-07
18.03,10.0,10.0,5.0,1.1253517471925912e-07
18.04,10.0,10.0,5.0,1.1253517471925912e-07
18.05,10.0,10.0,5.0,1.1253517471925912e-07
18.06,10.0,10.0,5.0,1.1253517471925912e-07
18.07,10.0,10.0,5.0,1.1253517471925912e-07
18.080000000000002,10.0,10.0,5.0,1.1253517471925912e-07
18.09,10.0,10.0,5.0,1.1253517471925912e-07
18.1,10.0,10.0,5.0,1.1253517471925912e-07
18.11,10.0,10.0,5.0,1.1253517471925912e-07
18.12,10.0,10.0,5.0,1.1253517471925912e-07
18.13,10.0,10.0,5.0,1.1253517471925912e-07
18.14,10.0,10.0,5.0,1.1253517471925912e-07
18.150000000000002,10.0,10.0,5.0,1.1253517471925912e-07
18.16,10.0,10.0,5.0,1.1253517471925912e-07
18.17,10.0,10.0,5.0,1.1253517471925912e-07
18.18,10.0,10.0,5.0,1.1253517471925912e-07
18.19,10.0,10.0,5.0,1.1253517471925912e-07
18.2,10.0,10.0,5.0,1.1253517471925912e-07
18.21,10.0,10.0,5.0,1.1253517471925912e-07
18.22,10.0,10.0,5.0,1.1253517471925912e-07
18.23,10.0,10.0,5.0,1.1253517471925912e-07
18.240000000000002,10.0,10.0,5.0,1.1253517471925912e-07
18.25,10.0,10.0,5.0,1.1253517471925912e-07
18.26,10.0,10.0,5.0,1.1253517471925912e-07
18.27,10.0,10.0,5.0,1.1253517471925912e-07
18.28,10.0,10.0,5.0,1.1253517471925912e-07
18.29,10.0,10.0,5.0,1.1253517471925912e-07
18.3,10.0,10.0,5.0,1.1253517471925912e-07
18.31,10.0,10.0,5.0,1.1253517471925912e-07
18.32,10.0,10.0,5.0,1.1253517471925912e-07
18.330000000000002,10.0,10.0,5.0,1.1253517471925912e-07
18.34,10.0,10.0,5.0,1.1253517471925912e-07
18.35,10.0,10.0,5.0,1.1253517471925912e-07
18.36,10.0,10.0,5.0,1.1253517471925912e-07
18.37,10.0,10.0,5.0,1.1253517471925912e-07
18.38,10.0,10.0,5.0,1.1253517471925912e-07
18.39,10.0,10.0,5.0,1.1253517471925912e-07
18.400000000000002,10.0,10.0,5.0,1.1253517471925912e-07
18.41,10.0,10.0,5.0,1.1253517471925912e-07
18.42,10.0,10.0,5.0,1.1253517471925912e-07
18.43,10.0,10.0,5.0,1.1253517471925912e-07
18.44,10.0,10.0,5.0,1.1253517471925912e-07
18.45,10.0,10.0,5.0,1.1253517471925912e-07
18.46,10.0,10.0,5.0,1.1253517471925912e-07
18.47,10.0,10.0,5.0,1.1253517471925912e-07
18.48,10.0,10.0,5.0,1.1253517471925912e-07
18.490000000000002,10.0,10.0,5.0,1.1253517471925912e-07
18.5,10.0,10.0,5.0,1.1253517471925912e-07
18.51,10.0,10.0,5.0,1.1253517471925912e-07
18.52,10.0,10.0,5.0,1.1253517471925912e-07
18.53,10.0,10.0,5.0,1.1253517471925912e-07
18.54,10.0,10.0,5.0,1.1253517471925912e-07
18.55,10.0,10.0,5.0,1.1253517471925912e-07
18.56,10.0,10.0,5.0,1.1253517471925912e-07
18.57,10.0,10.0,5.0,1.1253517471925912e-07
18.580000000000002,10.0,10.0,5.0,1.1253517471925912e-07
18.59,10.0,10.0,5.0,1.1253517471925912e-07
18.6,10.0,10.0,5.0,1.1253517471925912e-07
18.61,10.0,10.0,5.0,1.1253517471925912e-07
18.62,10.0,10.0,5.0,1.1253517471925912e-07
18.63,10.0,10.0,5.0,1.1253517471925912e-07
18.64,10.0,10.0,5.0,1.1253517471925912e-07
18.650000000000002,10.0,10.0,5.0,1.1253517471925912e-07
18.66,10.0,10.0,5.0,1.1253517471925912e-07
18.67,10.0,10.0,5.0,1.1253517471925912e-07
18.68,10.0,10.0,5.0,1.1253517471925912e-07
18.69,10.0,10.0,5.0,1.1253517471925912e-07
18.7,10.0,10.0,5.0,1.1253517471925912e-07
18.71,10.0,10.0,5.0,1.1253517471925912e-07
18.72,10.0,10.0,5.0,1.1253517471925912e-07
18.73,10.0,10.0,5.0,1.1253517471925912e-07
18.740000000000002,10.0,10.0,5.0,1.1253517471925912e-07
18.75,10.0,10.0,5.0,1.1253517471925912e-07
18.76,10.0,10.0,5.0,1.1253517471925912e-07
18.77,10.0,10.0,5.0,1.1253517471925912e-07
18.78,10.0,10.0,5.0,1.1253517471925912e-07
18.79,10.0,10.0,5.0,1.1253517471925912e-07
18.8,10.0,10.0,5.0,1.1253517471925912e-07
18.81,10.0,10.0,5.0,1.1253517471925912e-07
18.82,10.0,10.0,5.0,1.1253517471925912e-07
18.830000000000002,10.0,10.0,5.0,1.1253517471925912e-07
18.84,10.0,10.0,5.0,1.1253517471925912e-07
18.85,10.0,10.0,5.0,1.1253517471925912e-07
18.86,10.0,10.0,5.0,1.1253517471925912e-07
18.87,10.0,10.0,5.0,1.1253517471925912e-07
18.88,10.0,10.0,5.0,1.1253517471925912e-07
18.89,10.0,10.0,5.0,1.1253517471925912e-07
18.900000000000002,10.0,10.0,5.0,1.1253517471925912e-07
18.91,10.0,10.0,5.0,1.1253517471925912e-07
18.92,10.0,10.0,5.0,1.1253517471925912e-07
18.93,10.0,10.0,5.0,1.1253517471925912e-07
18.94,10.0,10.0,5.0,1.1253517471925912e-07
18.95,10.0,10.0,5.0,1.1253517471925912e-07
18.96,10.0,10.0,5.0,1.1253517471925912e-07
18.97,10.0,10.0,5.0,1.1253517471925912e-07
18.98,10.0,10.0,5.0,1.1253517471925912e-07
18.990000000000002,10.0,10.0,5.0,1.1253517471925912e-07
19.0,10.0,10.0,5.0,1.1253517471925912e-07
19.01,10.0,10.0,5.0,1.1253517471925912e-07
19.02,10.0,10.0,5.0,1.1253517471925912e-07
19.03,10.0,10.0,5.0,1.1253517471925912e-07
19.04,10.0,10.0,5.0,1.1253517471925912e-07
19.05,10.0,10.0,5.0,1.1253517471925912e-07
19.06,10.0,10.0,5.0,1.1253517471925912e-07
19.07,10.0,10.0,5.0,1.1253517471925912e-07
19.080000000000002,10.0,10.0,5.0,1.1253517471925912e-07
19.09,10.0,10.0,5.0,1.1253517471925912e-07
19.1,10.0,10.0,5.0,1.1253517471925912e-07
19.11,10.0,10.0,5.0,1.1253517471925912e-07
19.12,10.0,10.0,5.0,1.1253517471925912e-07
19.13,10.0,10.0,5.0,1.1253517471925912e-07
19.14,10.0,10.0,5.0,1.1253517471925912e-07
19.150000000000002,10.0,10.0,5.0,1.1253517471925912e-07
19.16,10.0,10.0,5.0,1.1253517471925912e-07
19.17,10.0,10.0,5.0,1.1253517471925912e-07
19.18,10.0,10.0,5.0,1.1253517471925912e-07
19.19,10.0,10.0,5.0,1.1253517471925912e-07
19.2,10.0,10.0,5.0,1.1253517471925912e-07
19.21,10.0,10.0,5.0,1.1253517471925912e-07
19.22,10.0,10.0,5.0,1.1253517471925912e-07
19.23,10.0,10.0,5.0,1.1253517471925912e-07
19.240000000000002,10.0,10.0,5.0,1.1253517471925912e-07
19.25,10.0,10.0,5.0,1.1253517471925912e-07
19.26,10.0,10.0,5.0,1.1253517471925912e-07
19.27,10.0,10.0,5.0,1.1253517471925912e-07
19.28,10.0,10.0,5.0,1.1253517471925912e-07
19.29,10.0,10.0,5.0,1.1253517471925912e-07
19.3,10.0,10.0,5.0,1.1253517471925912e-07
19.31,10.0,10.0,5.0,1.1253517471925912e-07
19.32,10.0,10.0,5.0,1.1253517471925912e-07
19.330000000000002,10.0,10.0,5.0,1.1253517471925912e-07
19.34,10.0,10.0,5.0,1.1253517471925912e-07
19.35,10.0,10.0,5.0,1.1253517471925912e-07
19.36,10.0,10.0,5.0,1.1253517471925912e-07
19.37,10.0,10.0,5.0,1.1253517471925912e-07
19.38,10.0,10.0,5.0,1.1253517471925912e-07
19.39,10.0,10.0,5.0,1.1253517471925912e-07
19.400000000000002,10.0,10.0,5.0,1.1253517471925912e-07
19.41,10.0,10.0,5.0,1.1253517471925912e-07
19.42,10.0,10.0,5.0,1.1253517471925912e-07
19.43,10.0,10.0,5.0,1.1253517471925912e-07
19.44,10.0,10.0,5.0,1.1253517471925912e-07
19.45,10.0,10.0,5.0,1.1253517471925912e-07
19.46,10.0,10.0,5.0,1.1253517471925912e-07
19.47,10.0,10.0,5.0,1.1253517471925912e-07
19.48,10.0,10.0,5.0,1.1253517471925912e-07
19.490000000000002,10.0,10.0,5.0,1.1253517471925912e-07
19.5,10.0,10.0,5.0,1.1253517471925912e-07
19.51,10.0,10.0,5.0,1.1253517471925912e-07
19.52,10.0,10.0,5.0,1.1253517471925912e-07
19.53,10.0,10.0,5.0,1.1253517471925912e-07
19.54,10.0,10.0,5.0,1.1253517471925912e-07
19.55,10.0,10.0,5.0,1.1253517471925912e-07
19.56,10.0,10.0,5.0,1.1253517471925912e-07
19.57,10.0,10.0,5.0,1.1253517471925912e-07
19.580000000000002,10.0,10.0,5.0,1.1253517471925912e-07
19.59,10.0,10.0,5.0,1.1253517471925912e-07
19.6,10.0,10.0,5.0,1.1253517471925912e-07
19.61,10.0,10.0,5.0,1.1253517471925912e-07
19.62,10.0,10.0,5.0,1.1253517471925912e-07
19.63,10.0,10.0,5.0,1.1253517471925912e-07
19.64,10.0,10.0,5.0,1.1253517471925912e-07
19.650000000000002,10.0,10.0,5.0,1.1253517471925912e-07
19.66,10.0,10.0,5.0,1.1253517471925912e-07
19.67,10.0,10.0,5.0,1.1253517471925912e-07
19.68,10.0,10.0,5.0,1.1253517471925912e-07
19.69,10.0,10.0,5.0,1.1253517471925912e-07
19.7,10.0,10.0,5.0,1.1253517471925912e-07
19.71,10.0,10.0,5.0,1.1253517471925912e-07
19.72,10.0,10.0,5.0,1.1253517471925912e-07
19.73,10.0,10.0,5.0,1.1253517471925912e-07
19.740000000000002,10.0,10.0,5.0,1.1253517471925912e-07
19.75,10.0,10.0,5.0,1.1253517471925912e-07
19.76,10.0,10.0,5.0,1.1253517471925912e-07
19.77,10.0,10.0,5.0,1.1253517471925912e-07
19.78,10.0,10.0,5.0,1.1253517471925912e-07
19.79,10.0,10.0,5.0,1.1253517471925912e-07
19.8,10.0,10.0,5.0,1.1253517471925912e-07
19.81,10.0,10.0,5.0,1.1253517471925912e-07
19.82,10.0,10.0,5.0,1.1253517471925912e-07
19.830000000000002,10.0,10.0,5.0,1.1253517471925912e-07
19.84,10.0,10.0,5.0,1.1253517471925912e-07
19.85,10.0,10.0,5.0,1.1253517471925912e-07
19.86,10.0,10.0,5.0,1.1253517471925912e-07
19.87,10.0,10.0,5.0,1.1253517471925912e-07
19.88,10.0,10.0,5.0,1.1253517471925912e-07
19.89,10.0,10.0,5.0,1.1253517471925912e-07
19.900000000000002,10.0,10.0,5.0,1.1253517471925912e-07
19.91,10.0,10.0,5.0,1.1253517471925912e-07
19.92,10.0,10.0,5.0,1.1253517471925912e-07
19.93,10.0,10.0,5.0,1.1253517471925912e-07
19.94,10.0,10.0,5.0,1.1253517471925912e-07
19.95,10.0,10.0,5.0,1.1253517471925912e-07
19.96,10.0,10.0,5.0,1.1253517471925912e-07
19.97,10.0,10.0,5.0,1.1253517471925912e-07
19.98,10.0,10.0,5.0,1.1253517471925912e-07
19.990000000000002,10.0,10.0,5.0,1.1253517471925912e-07
